# Created by FreeCAD <https://www.freecad.org>
v 1.495294 -0.444630 0.000000
v 1.980923 -0.275581 0.000000
v 1.495294 -0.444630 3.000000
v 1.980923 -0.275581 3.000000
v 1.485530 -0.474680 0.000000
v 1.485530 -0.474680 3.000000
v 1.980923 0.275581 0.000000
v 1.980923 0.275581 3.000000
v 1.401947 -0.363775 0.000000
v 1.420750 -0.393025 0.000000
v 1.440981 -0.421305 0.000000
v 1.462593 -0.448546 0.000000
v 1.384620 -0.333628 0.000000
v 1.368812 -0.302657 0.000000
v 1.300000 0.000000 0.000000
v 1.300864 -0.034761 0.000000
v 1.303452 -0.069437 0.000000
v 1.307760 -0.103941 0.000000
v 1.313776 -0.138189 0.000000
v 1.321485 -0.172096 0.000000
v 1.330868 -0.205578 0.000000
v 1.341902 -0.238553 0.000000
v 1.354561 -0.270939 0.000000
v 1.462593 0.448546 0.000000
v 1.495294 0.444630 0.000000
v 1.440981 0.421305 0.000000
v 1.420750 0.393025 0.000000
v 1.401947 0.363775 0.000000
v 1.384620 0.333628 0.000000
v 1.368812 0.302657 0.000000
v 1.485530 0.474680 0.000000
v 1.354561 0.270939 0.000000
v 1.341902 0.238553 0.000000
v 1.330868 0.205578 0.000000
v 1.321485 0.172096 0.000000
v 1.313776 0.138189 0.000000
v 1.307760 0.103941 0.000000
v 1.303452 0.069437 0.000000
v 1.300864 0.034761 0.000000
v 1.401947 -0.363775 3.000000
v 1.420750 -0.393025 3.000000
v 1.440981 -0.421305 3.000000
v 1.462593 -0.448546 3.000000
v 1.384620 -0.333628 3.000000
v 1.368812 -0.302657 3.000000
v 1.300000 0.000000 3.000000
v 1.300864 -0.034761 3.000000
v 1.303452 -0.069437 3.000000
v 1.307760 -0.103941 3.000000
v 1.313776 -0.138189 3.000000
v 1.321485 -0.172096 3.000000
v 1.330868 -0.205578 3.000000
v 1.341902 -0.238553 3.000000
v 1.354561 -0.270939 3.000000
v 1.495294 0.444630 3.000000
v 1.462593 0.448546 3.000000
v 1.440981 0.421305 3.000000
v 1.420750 0.393025 3.000000
v 1.401947 0.363775 3.000000
v 1.384620 0.333628 3.000000
v 1.368812 0.302657 3.000000
v 1.485530 0.474680 3.000000
v 1.354561 0.270939 3.000000
v 1.341902 0.238553 3.000000
v 1.330868 0.205578 3.000000
v 1.321485 0.172096 3.000000
v 1.313776 0.138189 3.000000
v 1.307760 0.103941 3.000000
v 1.303452 0.069437 3.000000
v 1.300864 0.034761 3.000000
v 1.509860 -0.499763 3.000000
v 1.509860 -0.499763 0.000000
v 1.535411 -0.523600 3.000000
v 1.535411 -0.523600 0.000000
v 1.562119 -0.546133 3.000000
v 1.562119 -0.546133 0.000000
v 1.589919 -0.567304 0.000000
v 1.589919 -0.567304 3.000000
v 1.618741 -0.587062 3.000000
v 1.618741 -0.587062 0.000000
v 1.648513 -0.605357 3.000000
v 1.648513 -0.605357 0.000000
v 1.679161 -0.622143 0.000000
v 1.679161 -0.622143 3.000000
v 1.710608 -0.637379 3.000000
v 1.710608 -0.637379 0.000000
v 1.742777 -0.651027 3.000000
v 1.742777 -0.651027 0.000000
v 1.775586 -0.663052 3.000000
v 1.775586 -0.663052 0.000000
v 1.808955 -0.673425 3.000000
v 1.808955 -0.673425 0.000000
v 1.842800 -0.682120 3.000000
v 1.842800 -0.682120 0.000000
v 1.877037 -0.689115 0.000000
v 1.877037 -0.689115 3.000000
v 1.911580 -0.694393 3.000000
v 1.911580 -0.694393 0.000000
v 1.946343 -0.697940 3.000000
v 1.946343 -0.697940 0.000000
v 1.981240 -0.699749 3.000000
v 1.981240 -0.699749 0.000000
v 2.016184 -0.699813 3.000000
v 2.016184 -0.699813 0.000000
v 2.051087 -0.698133 3.000000
v 2.051087 -0.698133 0.000000
v 2.085863 -0.694714 3.000000
v 2.085863 -0.694714 0.000000
v 2.120426 -0.689563 3.000000
v 2.120426 -0.689563 0.000000
v 2.154688 -0.682694 0.000000
v 2.154688 -0.682694 3.000000
v 2.188564 -0.674124 0.000000
v 2.188564 -0.674124 3.000000
v 2.221971 -0.663874 3.000000
v 2.221971 -0.663874 0.000000
v 2.254825 -0.651970 3.000000
v 2.254825 -0.651970 0.000000
v 2.287043 -0.638440 0.000000
v 2.287043 -0.638440 3.000000
v 2.318546 -0.623320 3.000000
v 2.318546 -0.623320 0.000000
v 2.349256 -0.606647 3.000000
v 2.349256 -0.606647 0.000000
v 2.379095 -0.588462 3.000000
v 2.379095 -0.588462 0.000000
v 2.407989 -0.568810 0.000000
v 2.407989 -0.568810 3.000000
v 2.435867 -0.547741 3.000000
v 2.435867 -0.547741 0.000000
v 2.462658 -0.525307 3.000000
v 2.462658 -0.525307 0.000000
v 2.488297 -0.501564 3.000000
v 2.488297 -0.501564 0.000000
v 2.512719 -0.476571 3.000000
v 2.512719 -0.476571 0.000000
v 2.535863 -0.450390 3.000000
v 2.535863 -0.450390 0.000000
v 2.557672 -0.423087 3.000000
v 2.557672 -0.423087 0.000000
v 2.578090 -0.394729 3.000000
v 2.578090 -0.394729 0.000000
v 2.597069 -0.365389 3.000000
v 2.597069 -0.365389 0.000000
v 2.614559 -0.335137 3.000000
v 2.614559 -0.335137 0.000000
v 2.630518 -0.304050 3.000000
v 2.630518 -0.304050 0.000000
v 2.644906 -0.272206 3.000000
v 2.644906 -0.272206 0.000000
v 2.657687 -0.239683 3.000000
v 2.657687 -0.239683 0.000000
v 2.668828 -0.206563 3.000000
v 2.668828 -0.206563 0.000000
v 2.678304 -0.172928 3.000000
v 2.678304 -0.172928 0.000000
v 2.686088 -0.138863 3.000000
v 2.686088 -0.138863 0.000000
v 2.692163 -0.104451 3.000000
v 2.692163 -0.104451 0.000000
v 2.696513 -0.069779 3.000000
v 2.696513 -0.069779 0.000000
v 2.699128 -0.034933 3.000000
v 2.699128 -0.034933 0.000000
v 2.700000 -0.000000 3.000000
v 2.700000 -0.000000 0.000000
v -1.764582 -0.941408 0.000000
v -0.948371 -1.238625 0.000000
v -1.440618 -1.387307 0.000000
v -0.874232 -1.798810 0.000000
v -0.884940 -1.284711 0.000000
v -0.350046 -1.969129 0.000000
v -1.471065 -0.519198 0.000000
v -0.039203 -1.559507 0.000000
v -1.980923 0.275581 0.000000
v -1.495294 0.444630 0.000000
v -1.980923 -0.275581 0.000000
v -1.495294 -0.444630 0.000000
v -0.329873 -0.306078 0.000000
v -0.314207 -0.322140 0.000000
v -0.297759 -0.337402 0.000000
v -0.344720 -0.289254 0.000000
v -0.280570 -0.351824 0.000000
v -0.358710 -0.271712 0.000000
v -0.262685 -0.365372 0.000000
v -0.371807 -0.253494 0.000000
v -0.244146 -0.378012 0.000000
v -0.383981 -0.234646 0.000000
v -0.225000 -0.389711 0.000000
v -0.395200 -0.215214 0.000000
v -0.205295 -0.400442 0.000000
v -0.405436 -0.195248 0.000000
v -0.185079 -0.410178 0.000000
v -0.414664 -0.174796 0.000000
v -0.164403 -0.418893 0.000000
v -0.422862 -0.153909 0.000000
v -0.143319 -0.426567 0.000000
v -0.430008 -0.132640 0.000000
v -0.121878 -0.433181 0.000000
v -0.436085 -0.111041 0.000000
v -0.100134 -0.438718 0.000000
v -0.441078 -0.089166 0.000000
v -0.078142 -0.443163 0.000000
v -0.444974 -0.067069 0.000000
v -0.055955 -0.446508 0.000000
v -0.447764 -0.044806 0.000000
v -0.033629 -0.448742 0.000000
v -0.449441 -0.022431 0.000000
v -0.011219 -0.449860 0.000000
v -0.450000 -0.000000 0.000000
v 0.011219 -0.449860 0.000000
v 0.039203 -1.559507 0.000000
v -0.449441 0.022431 0.000000
v 0.033629 -0.448742 0.000000
v -0.447764 0.044806 0.000000
v 0.884940 -1.284711 0.000000
v 0.350046 -1.969129 0.000000
v 0.874232 -1.798810 0.000000
v 0.055955 -0.446508 0.000000
v -0.444974 0.067069 0.000000
v 0.078142 -0.443163 0.000000
v -0.441078 0.089166 0.000000
v 0.100134 -0.438718 0.000000
v -0.436085 0.111041 0.000000
v 0.121878 -0.433181 0.000000
v -1.471065 0.519198 0.000000
v -0.430008 0.132640 0.000000
v 0.143319 -0.426567 0.000000
v -0.422862 0.153909 0.000000
v 0.164403 -0.418893 0.000000
v -0.414664 0.174796 0.000000
v 0.185079 -0.410178 0.000000
v -0.405436 0.195248 0.000000
v 0.205295 -0.400442 0.000000
v -0.395200 0.215214 0.000000
v 0.225000 -0.389711 0.000000
v -0.383981 0.234646 0.000000
v 0.244146 -0.378012 0.000000
v -0.371807 0.253494 0.000000
v 0.262685 -0.365372 0.000000
v 0.948371 -1.238625 0.000000
v -0.358710 0.271712 0.000000
v 0.280570 -0.351824 0.000000
v 0.297759 -0.337402 0.000000
v 0.314207 -0.322140 0.000000
v 0.329873 -0.306078 0.000000
v 0.344720 -0.289254 0.000000
v 0.358710 -0.271712 0.000000
v -0.280570 0.351824 0.000000
v -0.948371 1.238625 0.000000
v -0.262685 0.365372 0.000000
v -0.297759 0.337402 0.000000
v -0.314207 0.322140 0.000000
v -0.329873 0.306078 0.000000
v -0.344720 0.289254 0.000000
v -1.440618 1.387307 0.000000
v -1.764582 0.941408 0.000000
v -0.164403 0.418893 0.000000
v -0.884940 1.284711 0.000000
v -0.143319 0.426567 0.000000
v -0.185079 0.410178 0.000000
v -0.205295 0.400442 0.000000
v -0.225000 0.389711 0.000000
v -0.244146 0.378012 0.000000
v 1.764582 -0.941408 0.000000
v 1.440618 -1.387307 0.000000
v 1.471065 -0.519198 0.000000
v 0.371807 -0.253494 0.000000
v 0.383981 -0.234646 0.000000
v 0.395200 -0.215214 0.000000
v 0.405436 -0.195248 0.000000
v 0.414664 -0.174796 0.000000
v 0.422862 -0.153909 0.000000
v 0.430008 -0.132640 0.000000
v 0.436085 -0.111041 0.000000
v 0.441078 -0.089166 0.000000
v 0.444974 -0.067069 0.000000
v 0.447764 -0.044806 0.000000
v 0.449441 -0.022431 0.000000
v 0.449441 0.022431 0.000000
v 0.450000 -0.000000 0.000000
v 0.447764 0.044806 0.000000
v 0.444974 0.067069 0.000000
v 0.441078 0.089166 0.000000
v 0.436085 0.111041 0.000000
v 0.430008 0.132640 0.000000
v 0.422862 0.153909 0.000000
v -0.055955 0.446508 0.000000
v -0.039203 1.559507 0.000000
v -0.033629 0.448742 0.000000
v -0.078142 0.443163 0.000000
v -0.100134 0.438718 0.000000
v -0.121878 0.433181 0.000000
v -0.011219 0.449860 0.000000
v 0.414664 0.174796 0.000000
v 0.405436 0.195248 0.000000
v 0.395200 0.215214 0.000000
v 0.039203 1.559507 0.000000
v 0.121878 0.433181 0.000000
v 0.143319 0.426567 0.000000
v 0.100134 0.438718 0.000000
v 0.078142 0.443163 0.000000
v 0.055955 0.446508 0.000000
v 0.033629 0.448742 0.000000
v 0.011219 0.449860 0.000000
v -0.350046 1.969129 0.000000
v -0.874232 1.798810 0.000000
v 0.383981 0.234646 0.000000
v 0.371807 0.253494 0.000000
v 0.358710 0.271712 0.000000
v 1.471065 0.519198 0.000000
v 0.884940 1.284711 0.000000
v 0.244146 0.378012 0.000000
v 0.262685 0.365372 0.000000
v 0.225000 0.389711 0.000000
v 0.205295 0.400442 0.000000
v 0.185079 0.410178 0.000000
v 0.164403 0.418893 0.000000
v 0.948371 1.238625 0.000000
v 0.344720 0.289254 0.000000
v 0.329873 0.306078 0.000000
v 0.314207 0.322140 0.000000
v 0.297759 0.337402 0.000000
v 0.280570 0.351824 0.000000
v 0.350046 1.969129 0.000000
v 0.874232 1.798810 0.000000
v 1.764582 0.941408 0.000000
v 1.440618 1.387307 0.000000
v -0.948371 -1.238625 3.000000
v -1.764582 -0.941408 3.000000
v -1.440618 -1.387307 3.000000
v -0.884940 -1.284711 3.000000
v -0.874232 -1.798810 3.000000
v -0.350046 -1.969129 3.000000
v -1.471065 -0.519198 3.000000
v -0.039203 -1.559507 3.000000
v -1.495294 0.444630 3.000000
v -1.980923 0.275581 3.000000
v -1.980923 -0.275581 3.000000
v -1.495294 -0.444630 3.000000
v -0.329873 -0.306078 3.000000
v -0.314207 -0.322140 3.000000
v -0.297759 -0.337402 3.000000
v -0.344720 -0.289254 3.000000
v -0.280570 -0.351824 3.000000
v -0.358710 -0.271712 3.000000
v -0.262685 -0.365372 3.000000
v -0.371807 -0.253494 3.000000
v -0.244146 -0.378012 3.000000
v -0.383981 -0.234646 3.000000
v -0.225000 -0.389711 3.000000
v -0.395200 -0.215214 3.000000
v -0.205295 -0.400442 3.000000
v -0.405436 -0.195248 3.000000
v -0.185079 -0.410178 3.000000
v -0.414664 -0.174796 3.000000
v -0.164403 -0.418893 3.000000
v -0.422862 -0.153909 3.000000
v -0.143319 -0.426567 3.000000
v -0.430008 -0.132640 3.000000
v -0.121878 -0.433181 3.000000
v -0.436085 -0.111041 3.000000
v -0.100134 -0.438718 3.000000
v -0.441078 -0.089166 3.000000
v -0.078142 -0.443163 3.000000
v -0.444974 -0.067069 3.000000
v -0.055955 -0.446508 3.000000
v -0.447764 -0.044806 3.000000
v -0.033629 -0.448742 3.000000
v -0.449441 -0.022431 3.000000
v -0.011219 -0.449860 3.000000
v -0.450000 -0.000000 3.000000
v 0.011219 -0.449860 3.000000
v 0.039203 -1.559507 3.000000
v -0.449441 0.022431 3.000000
v 0.033629 -0.448742 3.000000
v -0.447764 0.044806 3.000000
v 0.884940 -1.284711 3.000000
v 0.350046 -1.969129 3.000000
v 0.874232 -1.798810 3.000000
v 0.055955 -0.446508 3.000000
v -0.444974 0.067069 3.000000
v 0.078142 -0.443163 3.000000
v -0.441078 0.089166 3.000000
v 0.100134 -0.438718 3.000000
v -0.436085 0.111041 3.000000
v 0.121878 -0.433181 3.000000
v -0.430008 0.132640 3.000000
v -1.471065 0.519198 3.000000
v 0.143319 -0.426567 3.000000
v -0.422862 0.153909 3.000000
v 0.164403 -0.418893 3.000000
v -0.414664 0.174796 3.000000
v 0.185079 -0.410178 3.000000
v -0.405436 0.195248 3.000000
v 0.205295 -0.400442 3.000000
v -0.395200 0.215214 3.000000
v 0.225000 -0.389711 3.000000
v -0.383981 0.234646 3.000000
v 0.244146 -0.378012 3.000000
v -0.371807 0.253494 3.000000
v 0.262685 -0.365372 3.000000
v 0.948371 -1.238625 3.000000
v -0.358710 0.271712 3.000000
v 0.280570 -0.351824 3.000000
v 0.297759 -0.337402 3.000000
v 0.314207 -0.322140 3.000000
v 0.329873 -0.306078 3.000000
v 0.344720 -0.289254 3.000000
v 0.358710 -0.271712 3.000000
v -0.948371 1.238625 3.000000
v -0.280570 0.351824 3.000000
v -0.262685 0.365372 3.000000
v -0.297759 0.337402 3.000000
v -0.314207 0.322140 3.000000
v -0.329873 0.306078 3.000000
v -0.344720 0.289254 3.000000
v -1.440618 1.387307 3.000000
v -1.764582 0.941408 3.000000
v -0.884940 1.284711 3.000000
v -0.164403 0.418893 3.000000
v -0.143319 0.426567 3.000000
v -0.185079 0.410178 3.000000
v -0.205295 0.400442 3.000000
v -0.225000 0.389711 3.000000
v -0.244146 0.378012 3.000000
v 1.764582 -0.941408 3.000000
v 1.440618 -1.387307 3.000000
v 1.471065 -0.519198 3.000000
v 0.371807 -0.253494 3.000000
v 0.383981 -0.234646 3.000000
v 0.395200 -0.215214 3.000000
v 0.405436 -0.195248 3.000000
v 0.414664 -0.174796 3.000000
v 0.422862 -0.153909 3.000000
v 0.430008 -0.132640 3.000000
v 0.436085 -0.111041 3.000000
v 0.441078 -0.089166 3.000000
v 0.444974 -0.067069 3.000000
v 0.447764 -0.044806 3.000000
v 0.449441 -0.022431 3.000000
v 0.449441 0.022431 3.000000
v 0.450000 -0.000000 3.000000
v 0.447764 0.044806 3.000000
v 0.444974 0.067069 3.000000
v 0.441078 0.089166 3.000000
v 0.436085 0.111041 3.000000
v 0.430008 0.132640 3.000000
v 0.422862 0.153909 3.000000
v -0.039203 1.559507 3.000000
v -0.055955 0.446508 3.000000
v -0.033629 0.448742 3.000000
v -0.078142 0.443163 3.000000
v -0.100134 0.438718 3.000000
v -0.121878 0.433181 3.000000
v -0.011219 0.449860 3.000000
v 0.414664 0.174796 3.000000
v 0.405436 0.195248 3.000000
v 0.395200 0.215214 3.000000
v 0.039203 1.559507 3.000000
v 0.121878 0.433181 3.000000
v 0.143319 0.426567 3.000000
v 0.100134 0.438718 3.000000
v 0.078142 0.443163 3.000000
v 0.055955 0.446508 3.000000
v 0.033629 0.448742 3.000000
v 0.011219 0.449860 3.000000
v -0.350046 1.969129 3.000000
v -0.874232 1.798810 3.000000
v 0.383981 0.234646 3.000000
v 0.371807 0.253494 3.000000
v 0.358710 0.271712 3.000000
v 1.471065 0.519198 3.000000
v 0.884940 1.284711 3.000000
v 0.244146 0.378012 3.000000
v 0.262685 0.365372 3.000000
v 0.225000 0.389711 3.000000
v 0.205295 0.400442 3.000000
v 0.185079 0.410178 3.000000
v 0.164403 0.418893 3.000000
v 0.948371 1.238625 3.000000
v 0.344720 0.289254 3.000000
v 0.329873 0.306078 3.000000
v 0.314207 0.322140 3.000000
v 0.297759 0.337402 3.000000
v 0.280570 0.351824 3.000000
v 0.350046 1.969129 3.000000
v 0.874232 1.798810 3.000000
v 1.764582 0.941408 3.000000
v 1.440618 1.387307 3.000000
v 2.699128 0.034933 3.000000
v 2.699128 0.034933 0.000000
v 2.696513 0.069779 3.000000
v 2.696513 0.069779 0.000000
v 2.692163 0.104451 3.000000
v 2.692163 0.104451 0.000000
v 2.686088 0.138863 3.000000
v 2.686088 0.138863 0.000000
v 2.678304 0.172928 3.000000
v 2.678304 0.172928 0.000000
v 2.668828 0.206563 0.000000
v 2.668828 0.206563 3.000000
v 2.657687 0.239683 3.000000
v 2.657687 0.239683 0.000000
v 2.644906 0.272206 3.000000
v 2.644906 0.272206 0.000000
v 2.630518 0.304050 0.000000
v 2.630518 0.304050 3.000000
v 2.614559 0.335137 3.000000
v 2.614559 0.335137 0.000000
v 2.597069 0.365389 0.000000
v 2.597069 0.365389 3.000000
v 2.578090 0.394729 0.000000
v 2.578090 0.394729 3.000000
v 2.557672 0.423087 3.000000
v 2.557672 0.423087 0.000000
v 2.535863 0.450390 3.000000
v 2.535863 0.450390 0.000000
v 2.512719 0.476571 0.000000
v 2.512719 0.476571 3.000000
v 2.488297 0.501564 0.000000
v 2.488297 0.501564 3.000000
v 2.462658 0.525307 3.000000
v 2.462658 0.525307 0.000000
v 2.435867 0.547741 0.000000
v 2.435867 0.547741 3.000000
v 2.407989 0.568810 3.000000
v 2.407989 0.568810 0.000000
v 2.379095 0.588462 0.000000
v 2.379095 0.588462 3.000000
v 2.349256 0.606647 3.000000
v 2.349256 0.606647 0.000000
v 2.318546 0.623320 0.000000
v 2.318546 0.623320 3.000000
v 2.287043 0.638440 3.000000
v 2.287043 0.638440 0.000000
v 2.254825 0.651970 3.000000
v 2.254825 0.651970 0.000000
v 2.221971 0.663874 0.000000
v 2.221971 0.663874 3.000000
v 2.188564 0.674124 3.000000
v 2.188564 0.674124 0.000000
v 2.154688 0.682694 0.000000
v 2.154688 0.682694 3.000000
v 2.120426 0.689563 0.000000
v 2.120426 0.689563 3.000000
v 2.085863 0.694714 0.000000
v 2.085863 0.694714 3.000000
v 2.051087 0.698133 3.000000
v 2.051087 0.698133 0.000000
v 2.016184 0.699813 0.000000
v 2.016184 0.699813 3.000000
v 1.981240 0.699749 3.000000
v 1.981240 0.699749 0.000000
v 1.946343 0.697940 3.000000
v 1.946343 0.697940 0.000000
v 1.911580 0.694393 3.000000
v 1.911580 0.694393 0.000000
v 1.877037 0.689115 3.000000
v 1.877037 0.689115 0.000000
v 1.842800 0.682120 0.000000
v 1.842800 0.682120 3.000000
v 1.808955 0.673425 3.000000
v 1.808955 0.673425 0.000000
v 1.775586 0.663052 3.000000
v 1.775586 0.663052 0.000000
v 1.742777 0.651027 3.000000
v 1.742777 0.651027 0.000000
v 1.710608 0.637379 0.000000
v 1.710608 0.637379 3.000000
v 1.679161 0.622143 3.000000
v 1.679161 0.622143 0.000000
v 1.648513 0.605357 0.000000
v 1.648513 0.605357 3.000000
v 1.618741 0.587062 0.000000
v 1.618741 0.587062 3.000000
v 1.589919 0.567304 3.000000
v 1.589919 0.567304 0.000000
v 1.562119 0.546133 0.000000
v 1.562119 0.546133 3.000000
v 1.535411 0.523600 3.000000
v 1.535411 0.523600 0.000000
v 1.509860 0.499763 3.000000
v 1.509860 0.499763 0.000000
v -2.000000 -2.500000 0.000000
v -2.000000 2.500000 0.000000
v 6.511234 -0.501107 0.000000
v 6.486864 -0.476121 0.000000
v 6.536820 -0.524847 0.000000
v 6.463769 -0.449951 0.000000
v 6.563557 -0.547282 0.000000
v 6.442007 -0.422663 0.000000
v 6.591380 -0.568357 0.000000
v 6.421633 -0.394324 0.000000
v 6.620218 -0.588018 0.000000
v 6.402697 -0.365005 0.000000
v 6.650000 -0.606218 0.000000
v 6.385245 -0.334778 0.000000
v 6.680653 -0.622910 0.000000
v 6.369322 -0.303719 0.000000
v 6.712099 -0.638054 0.000000
v 6.354967 -0.271904 0.000000
v 6.744261 -0.651612 0.000000
v 6.342215 -0.239414 0.000000
v 6.777060 -0.663549 0.000000
v 6.331099 -0.206329 0.000000
v 6.321646 -0.172730 0.000000
v 6.313879 -0.138702 0.000000
v 6.307818 -0.104330 0.000000
v 6.303478 -0.069697 0.000000
v 6.300870 -0.034892 0.000000
v 6.300000 -0.000000 0.000000
v 6.300870 0.034892 0.000000
v 6.303478 0.069697 0.000000
v 6.307818 0.104330 0.000000
v 6.313879 0.138702 0.000000
v 6.321646 0.172730 0.000000
v 6.331099 0.206329 0.000000
v 6.342215 0.239414 0.000000
v 6.354967 0.271904 0.000000
v 6.369322 0.303719 0.000000
v 6.385245 0.334778 0.000000
v 6.402697 0.365005 0.000000
v 6.421633 0.394324 0.000000
v 6.442007 0.422663 0.000000
v 6.463769 0.449951 0.000000
v 6.486864 0.476121 0.000000
v 6.511234 0.501107 0.000000
v 9.550510 -2.500000 0.000000
v 9.429276 -2.375159 0.000000
v 6.810411 -0.673837 0.000000
v 6.536820 0.524847 0.000000
v 9.314397 -2.244446 0.000000
v 6.844235 -0.682450 0.000000
v 9.206157 -2.108185 0.000000
v 6.878446 -0.689365 0.000000
v 6.912960 -0.694567 0.000000
v 6.563557 0.547282 0.000000
v 9.104824 -1.966712 0.000000
v 6.947689 -0.698043 0.000000
v 6.982549 -0.699782 0.000000
v 6.591380 0.568357 0.000000
v 9.010648 -1.820377 0.000000
v 7.017451 -0.699782 0.000000
v 7.052311 -0.698043 0.000000
v 6.620218 0.588018 0.000000
v 8.923862 -1.669542 0.000000
v 7.087040 -0.694567 0.000000
v 7.121554 -0.689365 0.000000
v 6.650000 0.606218 0.000000
v 6.680653 0.622910 0.000000
v 8.844680 -1.514580 0.000000
v 7.155765 -0.682450 0.000000
v 7.189589 -0.673837 0.000000
v 6.712099 0.638054 0.000000
v 6.744261 0.651612 0.000000
v 7.222940 -0.663549 0.000000
v 8.773298 -1.355873 0.000000
v 7.255739 -0.651612 0.000000
v 6.777060 0.663549 0.000000
v 8.709893 -1.193815 0.000000
v 7.287901 -0.638054 0.000000
v 7.319347 -0.622910 0.000000
v 7.350000 -0.606218 0.000000
v 8.654621 -1.028806 0.000000
v 7.379782 -0.588018 0.000000
v 7.408620 -0.568357 0.000000
v 7.436443 -0.547282 0.000000
v 8.607620 -0.861253 0.000000
v 7.463180 -0.524847 0.000000
v 7.488766 -0.501107 0.000000
v 7.513136 -0.476121 0.000000
v 8.569005 -0.691572 0.000000
v 7.536231 -0.449951 0.000000
v 7.557993 -0.422663 0.000000
v 7.578367 -0.394324 0.000000
v 8.538871 -0.520180 0.000000
v 7.597303 -0.365005 0.000000
v 7.614755 -0.334778 0.000000
v 7.630678 -0.303719 0.000000
v 8.517294 -0.347503 0.000000
v 7.645033 -0.271904 0.000000
v 7.657785 -0.239414 0.000000
v 7.668901 -0.206329 0.000000
v 7.678354 -0.172730 0.000000
v 7.686121 -0.138702 0.000000
v 8.504326 -0.173966 0.000000
v 7.692182 -0.104330 0.000000
v 7.696522 -0.069697 0.000000
v 8.500000 0.000000 0.000000
v 7.699130 0.034892 0.000000
v 7.700000 -0.000000 0.000000
v 7.696522 0.069697 0.000000
v 7.699130 -0.034892 0.000000
v 8.504326 0.173966 0.000000
v 7.692182 0.104330 0.000000
v 7.686121 0.138702 0.000000
v 7.678354 0.172730 0.000000
v 8.517294 0.347503 0.000000
v 7.668901 0.206329 0.000000
v 7.657785 0.239414 0.000000
v 7.645033 0.271904 0.000000
v 7.630678 0.303719 0.000000
v 8.538871 0.520180 0.000000
v 7.614755 0.334778 0.000000
v 7.597303 0.365005 0.000000
v 7.578367 0.394324 0.000000
v 8.569005 0.691572 0.000000
v 7.557993 0.422663 0.000000
v 7.536231 0.449951 0.000000
v 7.513136 0.476121 0.000000
v 8.607620 0.861253 0.000000
v 7.488766 0.501107 0.000000
v 7.463180 0.524847 0.000000
v 7.436443 0.547282 0.000000
v 7.408620 0.568357 0.000000
v 8.654621 1.028806 0.000000
v 7.379782 0.588018 0.000000
v 7.350000 0.606218 0.000000
v 7.319347 0.622910 0.000000
v 8.709893 1.193815 0.000000
v 7.287901 0.638054 0.000000
v 7.255739 0.651612 0.000000
v 8.773298 1.355873 0.000000
v 7.222940 0.663549 0.000000
v 7.189589 0.673837 0.000000
v 8.844680 1.514580 0.000000
v 7.155765 0.682450 0.000000
v 7.121554 0.689365 0.000000
v 8.923862 1.669542 0.000000
v 7.087040 0.694567 0.000000
v 7.052311 0.698043 0.000000
v 9.010648 1.820377 0.000000
v 7.017451 0.699782 0.000000
v 6.982549 0.699782 0.000000
v 6.912960 0.694567 0.000000
v 9.104824 1.966712 0.000000
v 6.947689 0.698043 0.000000
v 6.878446 0.689365 0.000000
v 9.206157 2.108185 0.000000
v 6.844235 0.682450 0.000000
v 6.810411 0.673837 0.000000
v 9.314397 2.244446 0.000000
v 9.429276 2.375159 0.000000
v 9.550510 2.500000 0.000000
v -2.000000 -2.500000 3.000000
v -2.000000 2.500000 3.000000
v 6.511234 -0.501107 3.000000
v 6.486864 -0.476121 3.000000
v 6.536820 -0.524847 3.000000
v 6.463769 -0.449951 3.000000
v 6.563557 -0.547282 3.000000
v 6.442007 -0.422663 3.000000
v 6.591380 -0.568357 3.000000
v 6.421633 -0.394324 3.000000
v 6.620218 -0.588018 3.000000
v 6.402697 -0.365005 3.000000
v 6.650000 -0.606218 3.000000
v 6.385245 -0.334778 3.000000
v 6.680653 -0.622910 3.000000
v 6.369322 -0.303719 3.000000
v 6.712099 -0.638054 3.000000
v 6.354967 -0.271904 3.000000
v 6.744261 -0.651612 3.000000
v 6.342215 -0.239414 3.000000
v 6.777060 -0.663549 3.000000
v 6.331099 -0.206329 3.000000
v 6.321646 -0.172730 3.000000
v 6.313879 -0.138702 3.000000
v 6.307818 -0.104330 3.000000
v 6.303478 -0.069697 3.000000
v 6.300870 -0.034892 3.000000
v 6.300000 -0.000000 3.000000
v 6.300870 0.034892 3.000000
v 6.303478 0.069697 3.000000
v 6.307818 0.104330 3.000000
v 6.313879 0.138702 3.000000
v 6.321646 0.172730 3.000000
v 6.331099 0.206329 3.000000
v 6.342215 0.239414 3.000000
v 6.354967 0.271904 3.000000
v 6.369322 0.303719 3.000000
v 6.385245 0.334778 3.000000
v 6.402697 0.365005 3.000000
v 6.421633 0.394324 3.000000
v 6.442007 0.422663 3.000000
v 6.463769 0.449951 3.000000
v 6.486864 0.476121 3.000000
v 6.511234 0.501107 3.000000
v 9.550510 -2.500000 3.000000
v 9.429276 -2.375159 3.000000
v 6.810411 -0.673837 3.000000
v 6.536820 0.524847 3.000000
v 9.314397 -2.244446 3.000000
v 6.844235 -0.682450 3.000000
v 9.206157 -2.108185 3.000000
v 6.878446 -0.689365 3.000000
v 6.912960 -0.694567 3.000000
v 6.563557 0.547282 3.000000
v 9.104824 -1.966712 3.000000
v 6.947689 -0.698043 3.000000
v 6.982549 -0.699782 3.000000
v 6.591380 0.568357 3.000000
v 9.010648 -1.820377 3.000000
v 7.017451 -0.699782 3.000000
v 7.052311 -0.698043 3.000000
v 6.620218 0.588018 3.000000
v 8.923862 -1.669542 3.000000
v 7.087040 -0.694567 3.000000
v 7.121554 -0.689365 3.000000
v 6.650000 0.606218 3.000000
v 6.680653 0.622910 3.000000
v 8.844680 -1.514580 3.000000
v 7.155765 -0.682450 3.000000
v 7.189589 -0.673837 3.000000
v 6.712099 0.638054 3.000000
v 6.744261 0.651612 3.000000
v 8.773298 -1.355873 3.000000
v 7.222940 -0.663549 3.000000
v 7.255739 -0.651612 3.000000
v 6.777060 0.663549 3.000000
v 8.709893 -1.193815 3.000000
v 7.287901 -0.638054 3.000000
v 7.319347 -0.622910 3.000000
v 7.350000 -0.606218 3.000000
v 8.654621 -1.028806 3.000000
v 7.379782 -0.588018 3.000000
v 7.408620 -0.568357 3.000000
v 7.436443 -0.547282 3.000000
v 8.607620 -0.861253 3.000000
v 7.463180 -0.524847 3.000000
v 7.488766 -0.501107 3.000000
v 7.513136 -0.476121 3.000000
v 8.569005 -0.691572 3.000000
v 7.536231 -0.449951 3.000000
v 7.557993 -0.422663 3.000000
v 7.578367 -0.394324 3.000000
v 8.538871 -0.520180 3.000000
v 7.597303 -0.365005 3.000000
v 7.614755 -0.334778 3.000000
v 7.630678 -0.303719 3.000000
v 8.517294 -0.347503 3.000000
v 7.645033 -0.271904 3.000000
v 7.657785 -0.239414 3.000000
v 7.668901 -0.206329 3.000000
v 7.678354 -0.172730 3.000000
v 8.504326 -0.173966 3.000000
v 7.686121 -0.138702 3.000000
v 7.692182 -0.104330 3.000000
v 7.696522 -0.069697 3.000000
v 8.500000 0.000000 3.000000
v 7.699130 0.034892 3.000000
v 7.700000 -0.000000 3.000000
v 7.696522 0.069697 3.000000
v 7.699130 -0.034892 3.000000
v 8.504326 0.173966 3.000000
v 7.692182 0.104330 3.000000
v 7.686121 0.138702 3.000000
v 7.678354 0.172730 3.000000
v 8.517294 0.347503 3.000000
v 7.668901 0.206329 3.000000
v 7.657785 0.239414 3.000000
v 7.645033 0.271904 3.000000
v 7.630678 0.303719 3.000000
v 8.538871 0.520180 3.000000
v 7.614755 0.334778 3.000000
v 7.597303 0.365005 3.000000
v 7.578367 0.394324 3.000000
v 8.569005 0.691572 3.000000
v 7.557993 0.422663 3.000000
v 7.536231 0.449951 3.000000
v 7.513136 0.476121 3.000000
v 8.607620 0.861253 3.000000
v 7.488766 0.501107 3.000000
v 7.463180 0.524847 3.000000
v 7.436443 0.547282 3.000000
v 8.654621 1.028806 3.000000
v 7.408620 0.568357 3.000000
v 7.379782 0.588018 3.000000
v 7.350000 0.606218 3.000000
v 8.709893 1.193815 3.000000
v 7.319347 0.622910 3.000000
v 7.287901 0.638054 3.000000
v 7.255739 0.651612 3.000000
v 8.773298 1.355873 3.000000
v 7.222940 0.663549 3.000000
v 7.189589 0.673837 3.000000
v 8.844680 1.514580 3.000000
v 7.155765 0.682450 3.000000
v 7.121554 0.689365 3.000000
v 8.923862 1.669542 3.000000
v 7.087040 0.694567 3.000000
v 7.052311 0.698043 3.000000
v 9.010648 1.820377 3.000000
v 7.017451 0.699782 3.000000
v 6.982549 0.699782 3.000000
v 9.104824 1.966712 3.000000
v 6.912960 0.694567 3.000000
v 6.947689 0.698043 3.000000
v 9.206157 2.108185 3.000000
v 6.878446 0.689365 3.000000
v 6.844235 0.682450 3.000000
v 9.314397 2.244446 3.000000
v 6.810411 0.673837 3.000000
v 9.429276 2.375159 3.000000
v 9.550510 2.500000 3.000000
v 10.240676 -1.632415 0.000000
v 10.800000 -2.078461 0.000000
v 9.837675 -1.041321 0.000000
v 10.643909 -1.700483 0.000000
v 10.202930 -1.225221 0.000000
v 11.465950 -2.339827 0.000000
v 11.205383 -2.024650 0.000000
v 9.626806 -0.357701 0.000000
v 9.921629 -0.641092 0.000000
v 12.179352 -2.393289 0.000000
v 11.837462 -2.168918 0.000000
v 9.626806 0.357701 0.000000
v 9.825000 0.000000 0.000000
v 12.483983 -2.120468 0.000000
v 12.876819 -2.234097 0.000000
v 9.837675 1.041321 0.000000
v 9.921629 0.641092 0.000000
v 13.087500 -1.883605 0.000000
v 13.496375 -1.876396 0.000000
v 10.240676 1.632415 0.000000
v 10.202930 1.225221 0.000000
v 14.449490 -2.500000 0.000000
v 14.570724 -2.375159 0.000000
v 13.982973 -1.351968 0.000000
v 14.685603 -2.244446 0.000000
v 13.594388 -1.479376 0.000000
v 14.793843 -2.108185 0.000000
v 10.800000 2.078461 0.000000
v 10.643909 1.700483 0.000000
v 14.895176 -1.966712 0.000000
v 14.989352 -1.820377 0.000000
v 15.076138 -1.669542 0.000000
v 13.959607 -0.943697 0.000000
v 14.293375 -0.707412 0.000000
v 15.155320 -1.514580 0.000000
v 11.465950 2.339827 0.000000
v 11.205383 2.024650 0.000000
v 15.226702 -1.355873 0.000000
v 15.290107 -1.193815 0.000000
v 15.345379 -1.028806 0.000000
v 14.150707 -0.324167 0.000000
v 14.400000 -0.000000 0.000000
v 15.392380 -0.861253 0.000000
v 12.179352 2.393289 0.000000
v 11.837462 2.168918 0.000000
v 15.430995 -0.691572 0.000000
v 15.461129 -0.520180 0.000000
v 14.150707 0.324167 0.000000
v 14.293375 0.707412 0.000000
v 12.876819 2.234097 0.000000
v 12.483983 2.120468 0.000000
v 15.482706 -0.347503 0.000000
v 15.495674 -0.173966 0.000000
v 13.959607 0.943697 0.000000
v 13.982973 1.351968 0.000000
v 13.496375 1.876396 0.000000
v 13.087500 1.883605 0.000000
v 13.594388 1.479376 0.000000
v 15.500000 -0.000000 0.000000
v 15.495674 0.173966 0.000000
v 15.482706 0.347503 0.000000
v 15.461129 0.520180 0.000000
v 15.430995 0.691572 0.000000
v 15.392380 0.861253 0.000000
v 15.345379 1.028806 0.000000
v 15.290107 1.193815 0.000000
v 15.226702 1.355873 0.000000
v 15.155320 1.514580 0.000000
v 15.076138 1.669542 0.000000
v 14.989352 1.820377 0.000000
v 14.895176 1.966712 0.000000
v 14.793843 2.108185 0.000000
v 14.685603 2.244446 0.000000
v 14.570724 2.375159 0.000000
v 14.449490 2.500000 0.000000
v 10.240676 -1.632415 3.000000
v 10.800000 -2.078461 3.000000
v 9.837675 -1.041321 3.000000
v 10.643909 -1.700483 3.000000
v 10.202930 -1.225221 3.000000
v 11.465950 -2.339827 3.000000
v 11.205383 -2.024650 3.000000
v 9.626806 -0.357701 3.000000
v 9.921629 -0.641092 3.000000
v 12.179352 -2.393289 3.000000
v 11.837462 -2.168918 3.000000
v 9.626806 0.357701 3.000000
v 9.825000 0.000000 3.000000
v 12.876819 -2.234097 3.000000
v 12.483983 -2.120468 3.000000
v 9.837675 1.041321 3.000000
v 9.921629 0.641092 3.000000
v 13.496375 -1.876396 3.000000
v 13.087500 -1.883605 3.000000
v 10.240676 1.632415 3.000000
v 10.202930 1.225221 3.000000
v 14.449490 -2.500000 3.000000
v 14.570724 -2.375159 3.000000
v 13.982973 -1.351968 3.000000
v 14.685603 -2.244446 3.000000
v 13.594388 -1.479376 3.000000
v 14.793843 -2.108185 3.000000
v 10.800000 2.078461 3.000000
v 10.643909 1.700483 3.000000
v 14.895176 -1.966712 3.000000
v 14.989352 -1.820377 3.000000
v 15.076138 -1.669542 3.000000
v 14.293375 -0.707412 3.000000
v 13.959607 -0.943697 3.000000
v 15.155320 -1.514580 3.000000
v 11.465950 2.339827 3.000000
v 11.205383 2.024650 3.000000
v 15.226702 -1.355873 3.000000
v 15.290107 -1.193815 3.000000
v 15.345379 -1.028806 3.000000
v 14.400000 -0.000000 3.000000
v 14.150707 -0.324167 3.000000
v 15.392380 -0.861253 3.000000
v 12.179352 2.393289 3.000000
v 11.837462 2.168918 3.000000
v 15.430995 -0.691572 3.000000
v 15.461129 -0.520180 3.000000
v 14.293375 0.707412 3.000000
v 14.150707 0.324167 3.000000
v 12.876819 2.234097 3.000000
v 12.483983 2.120468 3.000000
v 15.482706 -0.347503 3.000000
v 15.495674 -0.173966 3.000000
v 13.982973 1.351968 3.000000
v 13.959607 0.943697 3.000000
v 13.496375 1.876396 3.000000
v 13.087500 1.883605 3.000000
v 13.594388 1.479376 3.000000
v 15.500000 -0.000000 3.000000
v 15.495674 0.173966 3.000000
v 15.482706 0.347503 3.000000
v 15.461129 0.520180 3.000000
v 15.430995 0.691572 3.000000
v 15.392380 0.861253 3.000000
v 15.345379 1.028806 3.000000
v 15.290107 1.193815 3.000000
v 15.226702 1.355873 3.000000
v 15.155320 1.514580 3.000000
v 15.076138 1.669542 3.000000
v 14.989352 1.820377 3.000000
v 14.895176 1.966712 3.000000
v 14.793843 2.108185 3.000000
v 14.685603 2.244446 3.000000
v 14.570724 2.375159 3.000000
v 14.449490 2.500000 3.000000
v 14.325539 2.615697 3.000000
v 14.325539 2.615697 0.000000
v 14.196130 2.725255 3.000000
v 14.196130 2.725255 0.000000
v 14.061567 2.828417 3.000000
v 14.061567 2.828417 0.000000
v 13.922166 2.924941 3.000000
v 13.922166 2.924941 0.000000
v 13.778254 3.014600 3.000000
v 13.778254 3.014600 0.000000
v 13.630168 3.097185 3.000000
v 13.630168 3.097185 0.000000
v 13.478256 3.172500 3.000000
v 13.478256 3.172500 0.000000
v 13.322876 3.240370 3.000000
v 13.322876 3.240370 0.000000
v 13.164391 3.300636 3.000000
v 13.164391 3.300636 0.000000
v 13.003172 3.353155 3.000000
v 13.003172 3.353155 0.000000
v 12.839600 3.397804 0.000000
v 12.839600 3.397804 3.000000
v 12.674056 3.434479 0.000000
v 12.674056 3.434479 3.000000
v 12.506931 3.463094 3.000000
v 12.506931 3.463094 0.000000
v 12.338616 3.483581 0.000000
v 12.338616 3.483581 3.000000
v 12.169507 3.495893 3.000000
v 12.169507 3.495893 0.000000
v 12.000000 3.500000 3.000000
v 12.000000 3.500000 0.000000
v 11.830493 3.495893 0.000000
v 11.830493 3.495893 3.000000
v 11.661384 3.483581 3.000000
v 11.661384 3.483581 0.000000
v 11.493069 3.463094 0.000000
v 11.493069 3.463094 3.000000
v 11.325944 3.434479 3.000000
v 11.325944 3.434479 0.000000
v 11.160400 3.397804 3.000000
v 11.160400 3.397804 0.000000
v 10.996828 3.353155 3.000000
v 10.996828 3.353155 0.000000
v 10.835609 3.300636 0.000000
v 10.835609 3.300636 3.000000
v 10.677124 3.240370 0.000000
v 10.677124 3.240370 3.000000
v 10.521744 3.172500 0.000000
v 10.521744 3.172500 3.000000
v 10.369832 3.097185 3.000000
v 10.369832 3.097185 0.000000
v 10.221746 3.014600 3.000000
v 10.221746 3.014600 0.000000
v 10.077834 2.924941 3.000000
v 10.077834 2.924941 0.000000
v 9.938433 2.828417 3.000000
v 9.938433 2.828417 0.000000
v 9.803870 2.725255 3.000000
v 9.803870 2.725255 0.000000
v 9.674461 2.615697 3.000000
v 9.674461 2.615697 0.000000
v 16.486864 -0.476121 0.000000
v 16.511234 -0.501107 0.000000
v 16.536819 -0.524847 0.000000
v 16.463768 -0.449951 0.000000
v 16.563557 -0.547282 0.000000
v 16.442007 -0.422663 0.000000
v 16.591379 -0.568357 0.000000
v 16.421633 -0.394324 0.000000
v 16.620218 -0.588018 0.000000
v 16.402697 -0.365005 0.000000
v 16.650000 -0.606218 0.000000
v 16.385244 -0.334778 0.000000
v 16.680653 -0.622910 0.000000
v 16.369322 -0.303719 0.000000
v 16.712099 -0.638054 0.000000
v 16.354967 -0.271904 0.000000
v 16.744261 -0.651612 0.000000
v 16.342215 -0.239414 0.000000
v 16.777060 -0.663549 0.000000
v 16.331099 -0.206329 0.000000
v 16.810411 -0.673837 0.000000
v 16.321646 -0.172730 0.000000
v 16.844234 -0.682450 0.000000
v 16.313879 -0.138702 0.000000
v 16.878447 -0.689365 0.000000
v 16.307819 -0.104330 0.000000
v 16.912960 -0.694567 0.000000
v 16.303478 -0.069697 0.000000
v 16.947689 -0.698043 0.000000
v 16.300871 -0.034892 0.000000
v 16.982548 -0.699782 0.000000
v 16.299999 -0.000000 0.000000
v 17.017452 -0.699782 0.000000
v 16.300871 0.034892 0.000000
v 17.052311 -0.698043 0.000000
v 16.303478 0.069697 0.000000
v 17.087040 -0.694567 0.000000
v 16.307819 0.104330 0.000000
v 17.121553 -0.689365 0.000000
v 16.313879 0.138702 0.000000
v 17.155766 -0.682450 0.000000
v 16.321646 0.172730 0.000000
v 17.189589 -0.673837 0.000000
v 16.331099 0.206329 0.000000
v 17.222940 -0.663549 0.000000
v 16.342215 0.239414 0.000000
v 16.354967 0.271904 0.000000
v 16.369322 0.303719 0.000000
v 16.385244 0.334778 0.000000
v 16.402697 0.365005 0.000000
v 16.421633 0.394324 0.000000
v 16.442007 0.422663 0.000000
v 16.463768 0.449951 0.000000
v 16.486864 0.476121 0.000000
v 16.511234 0.501107 0.000000
v 16.536819 0.524847 0.000000
v 16.563557 0.547282 0.000000
v 16.591379 0.568357 0.000000
v 16.620218 0.588018 0.000000
v 16.650000 0.606218 0.000000
v 16.680653 0.622910 0.000000
v 16.712099 0.638054 0.000000
v 16.744261 0.651612 0.000000
v 16.777060 0.663549 0.000000
v 16.810411 0.673837 0.000000
v 16.844234 0.682450 0.000000
v 16.878447 0.689365 0.000000
v 16.912960 0.694567 0.000000
v 16.947689 0.698043 0.000000
v 16.982548 0.699782 0.000000
v 17.017452 0.699782 0.000000
v 17.052311 0.698043 0.000000
v 17.087040 0.694567 0.000000
v 17.121553 0.689365 0.000000
v 17.155766 0.682450 0.000000
v 17.189589 0.673837 0.000000
v 17.222940 0.663549 0.000000
v 17.488766 -0.501107 0.000000
v 21.511234 -0.501107 0.000000
v 17.463181 -0.524847 0.000000
v 21.486864 -0.476121 0.000000
v 17.513136 -0.476121 0.000000
v 21.536819 -0.524847 0.000000
v 21.463768 -0.449951 0.000000
v 17.536232 -0.449951 0.000000
v 17.436443 -0.547282 0.000000
v 21.563557 -0.547282 0.000000
v 17.408621 -0.568357 0.000000
v 17.557993 -0.422663 0.000000
v 21.442007 -0.422663 0.000000
v 21.591379 -0.568357 0.000000
v 17.379782 -0.588018 0.000000
v 17.578367 -0.394324 0.000000
v 21.421633 -0.394324 0.000000
v 21.620218 -0.588018 0.000000
v 17.350000 -0.606218 0.000000
v 17.597303 -0.365005 0.000000
v 21.402697 -0.365005 0.000000
v 21.650000 -0.606218 0.000000
v 17.614756 -0.334778 0.000000
v 21.385244 -0.334778 0.000000
v 21.680653 -0.622910 0.000000
v 17.319347 -0.622910 0.000000
v 21.369322 -0.303719 0.000000
v 17.630678 -0.303719 0.000000
v 17.287901 -0.638054 0.000000
v 21.712099 -0.638054 0.000000
v 17.255739 -0.651612 0.000000
v 21.354967 -0.271904 0.000000
v 17.645033 -0.271904 0.000000
v 21.744261 -0.651612 0.000000
v 21.342215 -0.239414 0.000000
v 17.657785 -0.239414 0.000000
v 21.777060 -0.663549 0.000000
v 17.668901 -0.206329 0.000000
v 21.331099 -0.206329 0.000000
v 21.810411 -0.673837 0.000000
v 17.678354 -0.172730 0.000000
v 21.321646 -0.172730 0.000000
v 21.844234 -0.682450 0.000000
v 21.313879 -0.138702 0.000000
v 17.686121 -0.138702 0.000000
v 21.878447 -0.689365 0.000000
v 21.307819 -0.104330 0.000000
v 17.692181 -0.104330 0.000000
v 21.303478 -0.069697 0.000000
v 17.696522 -0.069697 0.000000
v 21.300871 -0.034892 0.000000
v 17.699129 -0.034892 0.000000
v 17.700001 -0.000000 0.000000
v 21.299999 -0.000000 0.000000
v 21.300871 0.034892 0.000000
v 17.699129 0.034892 0.000000
v 17.696522 0.069697 0.000000
v 21.303478 0.069697 0.000000
v 17.692181 0.104330 0.000000
v 21.307819 0.104330 0.000000
v 17.686121 0.138702 0.000000
v 21.313879 0.138702 0.000000
v 17.678354 0.172730 0.000000
v 21.321646 0.172730 0.000000
v 17.668901 0.206329 0.000000
v 21.331099 0.206329 0.000000
v 17.657785 0.239414 0.000000
v 21.342215 0.239414 0.000000
v 17.645033 0.271904 0.000000
v 21.354967 0.271904 0.000000
v 17.630678 0.303719 0.000000
v 21.369322 0.303719 0.000000
v 17.614756 0.334778 0.000000
v 21.385244 0.334778 0.000000
v 17.597303 0.365005 0.000000
v 21.402697 0.365005 0.000000
v 17.578367 0.394324 0.000000
v 21.421633 0.394324 0.000000
v 17.557993 0.422663 0.000000
v 21.442007 0.422663 0.000000
v 21.463768 0.449951 0.000000
v 17.536232 0.449951 0.000000
v 21.486864 0.476121 0.000000
v 17.513136 0.476121 0.000000
v 21.511234 0.501107 0.000000
v 17.488766 0.501107 0.000000
v 21.536819 0.524847 0.000000
v 17.463181 0.524847 0.000000
v 21.563557 0.547282 0.000000
v 17.436443 0.547282 0.000000
v 21.591379 0.568357 0.000000
v 17.408621 0.568357 0.000000
v 17.379782 0.588018 0.000000
v 21.620218 0.588018 0.000000
v 17.350000 0.606218 0.000000
v 21.650000 0.606218 0.000000
v 21.680653 0.622910 0.000000
v 17.319347 0.622910 0.000000
v 17.287901 0.638054 0.000000
v 21.712099 0.638054 0.000000
v 21.744261 0.651612 0.000000
v 17.255739 0.651612 0.000000
v 21.777060 0.663549 0.000000
v 26.000000 -2.500000 0.000000
v 21.912960 -0.694567 0.000000
v 21.947689 -0.698043 0.000000
v 21.982548 -0.699782 0.000000
v 22.017452 -0.699782 0.000000
v 22.052311 -0.698043 0.000000
v 22.087040 -0.694567 0.000000
v 22.121553 -0.689365 0.000000
v 22.155766 -0.682450 0.000000
v 22.189589 -0.673837 0.000000
v 22.222940 -0.663549 0.000000
v 22.255739 -0.651612 0.000000
v 22.287901 -0.638054 0.000000
v 22.319347 -0.622910 0.000000
v 22.350000 -0.606218 0.000000
v 22.379782 -0.588018 0.000000
v 22.408621 -0.568357 0.000000
v 22.436443 -0.547282 0.000000
v 22.463181 -0.524847 0.000000
v 22.488766 -0.501107 0.000000
v 22.513136 -0.476121 0.000000
v 22.536232 -0.449951 0.000000
v 22.557993 -0.422663 0.000000
v 22.578367 -0.394324 0.000000
v 22.597303 -0.365005 0.000000
v 22.614756 -0.334778 0.000000
v 22.630678 -0.303719 0.000000
v 22.645033 -0.271904 0.000000
v 22.657785 -0.239414 0.000000
v 22.668901 -0.206329 0.000000
v 22.678354 -0.172730 0.000000
v 22.686121 -0.138702 0.000000
v 22.692181 -0.104330 0.000000
v 22.696522 -0.069697 0.000000
v 22.699129 -0.034892 0.000000
v 22.700001 -0.000000 0.000000
v 26.000000 2.500000 0.000000
v 22.699129 0.034892 0.000000
v 22.696522 0.069697 0.000000
v 22.692181 0.104330 0.000000
v 22.686121 0.138702 0.000000
v 22.678354 0.172730 0.000000
v 22.668901 0.206329 0.000000
v 22.657785 0.239414 0.000000
v 22.645033 0.271904 0.000000
v 22.630678 0.303719 0.000000
v 22.614756 0.334778 0.000000
v 22.597303 0.365005 0.000000
v 22.578367 0.394324 0.000000
v 22.557993 0.422663 0.000000
v 22.536232 0.449951 0.000000
v 22.513136 0.476121 0.000000
v 22.488766 0.501107 0.000000
v 22.463181 0.524847 0.000000
v 22.436443 0.547282 0.000000
v 22.408621 0.568357 0.000000
v 22.379782 0.588018 0.000000
v 22.350000 0.606218 0.000000
v 22.319347 0.622910 0.000000
v 22.287901 0.638054 0.000000
v 22.255739 0.651612 0.000000
v 22.222940 0.663549 0.000000
v 22.189589 0.673837 0.000000
v 22.155766 0.682450 0.000000
v 22.121553 0.689365 0.000000
v 22.087040 0.694567 0.000000
v 22.052311 0.698043 0.000000
v 22.017452 0.699782 0.000000
v 21.982548 0.699782 0.000000
v 21.947689 0.698043 0.000000
v 21.912960 0.694567 0.000000
v 21.878447 0.689365 0.000000
v 21.844234 0.682450 0.000000
v 21.810411 0.673837 0.000000
v 14.325539 -2.615697 0.000000
v 9.674461 -2.615697 0.000000
v 14.196130 -2.725255 0.000000
v 14.061567 -2.828417 0.000000
v 13.922166 -2.924941 0.000000
v 13.778254 -3.014600 0.000000
v 13.630168 -3.097185 0.000000
v 13.478256 -3.172500 0.000000
v 13.322876 -3.240370 0.000000
v 13.164391 -3.300636 0.000000
v 13.003172 -3.353155 0.000000
v 9.803870 -2.725255 0.000000
v 9.938433 -2.828417 0.000000
v 10.077834 -2.924941 0.000000
v 10.221746 -3.014600 0.000000
v 10.369832 -3.097185 0.000000
v 10.521744 -3.172500 0.000000
v 10.677124 -3.240370 0.000000
v 10.835609 -3.300636 0.000000
v 10.996828 -3.353155 0.000000
v 11.160400 -3.397804 0.000000
v 12.839600 -3.397804 0.000000
v 12.674056 -3.434479 0.000000
v 12.506931 -3.463094 0.000000
v 12.338616 -3.483581 0.000000
v 12.169507 -3.495893 0.000000
v 12.000000 -3.500000 0.000000
v 11.830493 -3.495893 0.000000
v 11.661384 -3.483581 0.000000
v 11.493069 -3.463094 0.000000
v 11.325944 -3.434479 0.000000
v 9.674461 -2.615697 3.000000
v 9.803870 -2.725255 3.000000
v 9.938433 -2.828417 3.000000
v 10.077834 -2.924941 3.000000
v 10.221746 -3.014600 3.000000
v 10.369832 -3.097185 3.000000
v 10.521744 -3.172500 3.000000
v 10.677124 -3.240370 3.000000
v 10.835609 -3.300636 3.000000
v 10.996828 -3.353155 3.000000
v 11.160400 -3.397804 3.000000
v 11.325944 -3.434479 3.000000
v 11.493069 -3.463094 3.000000
v 11.661384 -3.483581 3.000000
v 11.830493 -3.495893 3.000000
v 12.000000 -3.500000 3.000000
v 12.169507 -3.495893 3.000000
v 12.338616 -3.483581 3.000000
v 12.506931 -3.463094 3.000000
v 12.674056 -3.434479 3.000000
v 12.839600 -3.397804 3.000000
v 13.003172 -3.353155 3.000000
v 13.164391 -3.300636 3.000000
v 13.322876 -3.240370 3.000000
v 13.478256 -3.172500 3.000000
v 13.630168 -3.097185 3.000000
v 13.778254 -3.014600 3.000000
v 13.922166 -2.924941 3.000000
v 14.061567 -2.828417 3.000000
v 14.196130 -2.725255 3.000000
v 14.325539 -2.615697 3.000000
v 16.486864 -0.476121 3.000000
v 16.511234 -0.501107 3.000000
v 16.536819 -0.524847 3.000000
v 16.463768 -0.449951 3.000000
v 16.563557 -0.547282 3.000000
v 16.442007 -0.422663 3.000000
v 16.591379 -0.568357 3.000000
v 16.421633 -0.394324 3.000000
v 16.620218 -0.588018 3.000000
v 16.402697 -0.365005 3.000000
v 16.650000 -0.606218 3.000000
v 16.385244 -0.334778 3.000000
v 16.680653 -0.622910 3.000000
v 16.369322 -0.303719 3.000000
v 16.712099 -0.638054 3.000000
v 16.354967 -0.271904 3.000000
v 16.744261 -0.651612 3.000000
v 16.342215 -0.239414 3.000000
v 16.777060 -0.663549 3.000000
v 16.331099 -0.206329 3.000000
v 16.810411 -0.673837 3.000000
v 16.321646 -0.172730 3.000000
v 16.844234 -0.682450 3.000000
v 16.313879 -0.138702 3.000000
v 16.878447 -0.689365 3.000000
v 16.307819 -0.104330 3.000000
v 16.912960 -0.694567 3.000000
v 16.303478 -0.069697 3.000000
v 16.947689 -0.698043 3.000000
v 16.300871 -0.034892 3.000000
v 16.982548 -0.699782 3.000000
v 16.299999 -0.000000 3.000000
v 17.017452 -0.699782 3.000000
v 16.300871 0.034892 3.000000
v 17.052311 -0.698043 3.000000
v 16.303478 0.069697 3.000000
v 17.087040 -0.694567 3.000000
v 16.307819 0.104330 3.000000
v 17.121553 -0.689365 3.000000
v 16.313879 0.138702 3.000000
v 17.155766 -0.682450 3.000000
v 16.321646 0.172730 3.000000
v 17.189589 -0.673837 3.000000
v 16.331099 0.206329 3.000000
v 17.222940 -0.663549 3.000000
v 16.342215 0.239414 3.000000
v 16.354967 0.271904 3.000000
v 16.369322 0.303719 3.000000
v 16.385244 0.334778 3.000000
v 16.402697 0.365005 3.000000
v 16.421633 0.394324 3.000000
v 16.442007 0.422663 3.000000
v 16.463768 0.449951 3.000000
v 16.486864 0.476121 3.000000
v 16.511234 0.501107 3.000000
v 16.536819 0.524847 3.000000
v 16.563557 0.547282 3.000000
v 16.591379 0.568357 3.000000
v 16.620218 0.588018 3.000000
v 16.650000 0.606218 3.000000
v 16.680653 0.622910 3.000000
v 16.712099 0.638054 3.000000
v 16.744261 0.651612 3.000000
v 16.777060 0.663549 3.000000
v 16.810411 0.673837 3.000000
v 16.844234 0.682450 3.000000
v 16.878447 0.689365 3.000000
v 16.912960 0.694567 3.000000
v 16.947689 0.698043 3.000000
v 16.982548 0.699782 3.000000
v 17.017452 0.699782 3.000000
v 17.052311 0.698043 3.000000
v 17.087040 0.694567 3.000000
v 17.121553 0.689365 3.000000
v 17.155766 0.682450 3.000000
v 17.189589 0.673837 3.000000
v 17.222940 0.663549 3.000000
v 21.511234 -0.501107 3.000000
v 17.488766 -0.501107 3.000000
v 17.463181 -0.524847 3.000000
v 21.486864 -0.476121 3.000000
v 17.513136 -0.476121 3.000000
v 21.536819 -0.524847 3.000000
v 21.463768 -0.449951 3.000000
v 17.536232 -0.449951 3.000000
v 21.563557 -0.547282 3.000000
v 17.436443 -0.547282 3.000000
v 17.408621 -0.568357 3.000000
v 21.442007 -0.422663 3.000000
v 17.557993 -0.422663 3.000000
v 21.591379 -0.568357 3.000000
v 17.379782 -0.588018 3.000000
v 21.421633 -0.394324 3.000000
v 17.578367 -0.394324 3.000000
v 21.620218 -0.588018 3.000000
v 17.350000 -0.606218 3.000000
v 21.402697 -0.365005 3.000000
v 17.597303 -0.365005 3.000000
v 21.650000 -0.606218 3.000000
v 21.385244 -0.334778 3.000000
v 17.614756 -0.334778 3.000000
v 21.680653 -0.622910 3.000000
v 17.319347 -0.622910 3.000000
v 21.369322 -0.303719 3.000000
v 17.630678 -0.303719 3.000000
v 21.712099 -0.638054 3.000000
v 17.287901 -0.638054 3.000000
v 17.255739 -0.651612 3.000000
v 21.354967 -0.271904 3.000000
v 17.645033 -0.271904 3.000000
v 21.744261 -0.651612 3.000000
v 21.342215 -0.239414 3.000000
v 17.657785 -0.239414 3.000000
v 21.777060 -0.663549 3.000000
v 21.331099 -0.206329 3.000000
v 17.668901 -0.206329 3.000000
v 21.810411 -0.673837 3.000000
v 21.321646 -0.172730 3.000000
v 17.678354 -0.172730 3.000000
v 21.844234 -0.682450 3.000000
v 21.313879 -0.138702 3.000000
v 17.686121 -0.138702 3.000000
v 21.878447 -0.689365 3.000000
v 21.307819 -0.104330 3.000000
v 17.692181 -0.104330 3.000000
v 21.303478 -0.069697 3.000000
v 17.696522 -0.069697 3.000000
v 21.300871 -0.034892 3.000000
v 17.699129 -0.034892 3.000000
v 21.299999 -0.000000 3.000000
v 17.700001 -0.000000 3.000000
v 21.300871 0.034892 3.000000
v 17.699129 0.034892 3.000000
v 21.303478 0.069697 3.000000
v 17.696522 0.069697 3.000000
v 17.692181 0.104330 3.000000
v 21.307819 0.104330 3.000000
v 21.313879 0.138702 3.000000
v 17.686121 0.138702 3.000000
v 21.321646 0.172730 3.000000
v 17.678354 0.172730 3.000000
v 21.331099 0.206329 3.000000
v 17.668901 0.206329 3.000000
v 21.342215 0.239414 3.000000
v 17.657785 0.239414 3.000000
v 21.354967 0.271904 3.000000
v 17.645033 0.271904 3.000000
v 17.630678 0.303719 3.000000
v 21.369322 0.303719 3.000000
v 21.385244 0.334778 3.000000
v 17.614756 0.334778 3.000000
v 17.597303 0.365005 3.000000
v 21.402697 0.365005 3.000000
v 21.421633 0.394324 3.000000
v 17.578367 0.394324 3.000000
v 21.442007 0.422663 3.000000
v 17.557993 0.422663 3.000000
v 21.463768 0.449951 3.000000
v 17.536232 0.449951 3.000000
v 21.486864 0.476121 3.000000
v 17.513136 0.476121 3.000000
v 21.511234 0.501107 3.000000
v 17.488766 0.501107 3.000000
v 21.536819 0.524847 3.000000
v 17.463181 0.524847 3.000000
v 21.563557 0.547282 3.000000
v 17.436443 0.547282 3.000000
v 21.591379 0.568357 3.000000
v 17.408621 0.568357 3.000000
v 17.379782 0.588018 3.000000
v 21.620218 0.588018 3.000000
v 17.350000 0.606218 3.000000
v 21.650000 0.606218 3.000000
v 21.680653 0.622910 3.000000
v 17.319347 0.622910 3.000000
v 21.712099 0.638054 3.000000
v 17.287901 0.638054 3.000000
v 21.744261 0.651612 3.000000
v 17.255739 0.651612 3.000000
v 21.777060 0.663549 3.000000
v 26.000000 -2.500000 3.000000
v 21.912960 -0.694567 3.000000
v 21.947689 -0.698043 3.000000
v 21.982548 -0.699782 3.000000
v 22.017452 -0.699782 3.000000
v 22.052311 -0.698043 3.000000
v 22.087040 -0.694567 3.000000
v 22.121553 -0.689365 3.000000
v 22.155766 -0.682450 3.000000
v 22.189589 -0.673837 3.000000
v 22.222940 -0.663549 3.000000
v 22.255739 -0.651612 3.000000
v 22.287901 -0.638054 3.000000
v 22.319347 -0.622910 3.000000
v 22.350000 -0.606218 3.000000
v 22.379782 -0.588018 3.000000
v 22.408621 -0.568357 3.000000
v 22.436443 -0.547282 3.000000
v 22.463181 -0.524847 3.000000
v 22.488766 -0.501107 3.000000
v 22.513136 -0.476121 3.000000
v 22.536232 -0.449951 3.000000
v 22.557993 -0.422663 3.000000
v 22.578367 -0.394324 3.000000
v 22.597303 -0.365005 3.000000
v 22.614756 -0.334778 3.000000
v 22.630678 -0.303719 3.000000
v 22.645033 -0.271904 3.000000
v 22.657785 -0.239414 3.000000
v 22.668901 -0.206329 3.000000
v 22.678354 -0.172730 3.000000
v 22.686121 -0.138702 3.000000
v 22.692181 -0.104330 3.000000
v 22.696522 -0.069697 3.000000
v 22.699129 -0.034892 3.000000
v 22.700001 -0.000000 3.000000
v 26.000000 2.500000 3.000000
v 22.699129 0.034892 3.000000
v 22.696522 0.069697 3.000000
v 22.692181 0.104330 3.000000
v 22.686121 0.138702 3.000000
v 22.678354 0.172730 3.000000
v 22.668901 0.206329 3.000000
v 22.657785 0.239414 3.000000
v 22.645033 0.271904 3.000000
v 22.630678 0.303719 3.000000
v 22.614756 0.334778 3.000000
v 22.597303 0.365005 3.000000
v 22.578367 0.394324 3.000000
v 22.557993 0.422663 3.000000
v 22.536232 0.449951 3.000000
v 22.513136 0.476121 3.000000
v 22.488766 0.501107 3.000000
v 22.463181 0.524847 3.000000
v 22.436443 0.547282 3.000000
v 22.408621 0.568357 3.000000
v 22.379782 0.588018 3.000000
v 22.350000 0.606218 3.000000
v 22.319347 0.622910 3.000000
v 22.287901 0.638054 3.000000
v 22.255739 0.651612 3.000000
v 22.222940 0.663549 3.000000
v 22.189589 0.673837 3.000000
v 22.155766 0.682450 3.000000
v 22.121553 0.689365 3.000000
v 22.087040 0.694567 3.000000
v 22.052311 0.698043 3.000000
v 22.017452 0.699782 3.000000
v 21.982548 0.699782 3.000000
v 21.947689 0.698043 3.000000
v 21.912960 0.694567 3.000000
v 21.878447 0.689365 3.000000
v 21.844234 0.682450 3.000000
v 21.810411 0.673837 3.000000
vn 0.328755 -0.944415 0.000000
vn 0.328755 -0.944415 -0.000000
vn 0.951057 -0.309016 0.000000
vn 0.951057 -0.309016 -0.000000
vn 1.000000 0.000000 0.000000
vn 1.000000 -0.000000 0.000000
vn 0.000000 0.000000 -1.000000
vn 0.000000 0.000000 -1.000000
vn 0.000000 0.000000 -1.000000
vn 0.000000 0.000000 -1.000000
vn 0.000000 0.000000 -1.000000
vn 0.000000 0.000000 -1.000000
vn 0.000000 0.000000 -1.000000
vn 0.000000 0.000000 -1.000000
vn 0.000000 0.000000 -1.000000
vn 0.000000 0.000000 -1.000000
vn 0.000000 0.000000 -1.000000
vn 0.000000 0.000000 -1.000000
vn 0.000000 0.000000 -1.000000
vn 0.000000 0.000000 -1.000000
vn 0.000000 0.000000 -1.000000
vn 0.000000 0.000000 -1.000000
vn 0.000000 -0.000000 -1.000000
vn 0.000000 -0.000000 -1.000000
vn 0.000000 -0.000000 -1.000000
vn 0.000000 -0.000000 -1.000000
vn 0.000000 -0.000000 -1.000000
vn 0.000000 0.000000 -1.000000
vn 0.000000 -0.000000 -1.000000
vn 0.000000 -0.000000 -1.000000
vn 0.000000 -0.000000 -1.000000
vn 0.000000 -0.000000 -1.000000
vn 0.000000 -0.000000 -1.000000
vn 0.000000 -0.000000 -1.000000
vn 0.000000 -0.000000 -1.000000
vn 0.000000 -0.000000 -1.000000
vn 0.000000 -0.000000 -1.000000
vn 0.000000 0.000000 -1.000000
vn 0.000000 -0.000000 -1.000000
vn 0.000000 0.000000 1.000000
vn 0.000000 0.000000 1.000000
vn 0.000000 0.000000 1.000000
vn 0.000000 0.000000 1.000000
vn 0.000000 0.000000 1.000000
vn 0.000000 0.000000 1.000000
vn 0.000000 0.000000 1.000000
vn 0.000000 0.000000 1.000000
vn 0.000000 0.000000 1.000000
vn 0.000000 0.000000 1.000000
vn 0.000000 0.000000 1.000000
vn 0.000000 0.000000 1.000000
vn 0.000000 0.000000 1.000000
vn 0.000000 0.000000 1.000000
vn 0.000000 0.000000 1.000000
vn 0.000000 0.000000 1.000000
vn 0.000000 0.000000 1.000000
vn 0.000000 0.000000 1.000000
vn 0.000000 0.000000 1.000000
vn 0.000000 0.000000 1.000000
vn 0.000000 0.000000 1.000000
vn 0.000000 0.000000 1.000000
vn 0.000000 0.000000 1.000000
vn 0.000000 0.000000 1.000000
vn 0.000000 0.000000 1.000000
vn 0.000000 0.000000 1.000000
vn 0.000000 0.000000 1.000000
vn 0.000000 0.000000 1.000000
vn 0.000000 0.000000 1.000000
vn 0.000000 0.000000 1.000000
vn 0.000000 0.000000 1.000000
vn 0.000000 0.000000 1.000000
vn 0.000000 0.000000 1.000000
vn 0.717802 0.696247 0.000000
vn 0.717802 0.696247 -0.000000
vn 0.682163 0.731201 0.000000
vn 0.682163 0.731201 0.000000
vn 0.644822 0.764332 0.000000
vn 0.644822 0.764332 -0.000000
vn 0.605875 0.795560 -0.000000
vn 0.605875 0.795560 0.000000
vn 0.565418 0.824805 0.000000
vn 0.565418 0.824805 0.000000
vn 0.523554 0.851993 0.000000
vn 0.523554 0.851993 0.000000
vn 0.480381 0.877060 -0.000000
vn 0.480381 0.877060 0.000000
vn 0.436014 0.899940 0.000000
vn 0.436014 0.899940 0.000000
vn 0.390560 0.920577 0.000000
vn 0.390560 0.920577 -0.000000
vn 0.344134 0.938921 0.000000
vn 0.344134 0.938921 -0.000000
vn 0.296849 0.954924 0.000000
vn 0.296849 0.954924 0.000000
vn 0.248823 0.968549 0.000000
vn 0.248823 0.968549 -0.000000
vn 0.200181 0.979759 -0.000000
vn 0.200181 0.979759 0.000000
vn 0.151035 0.988528 0.000000
vn 0.151035 0.988528 -0.000000
vn 0.101515 0.994834 0.000000
vn 0.101515 0.994834 0.000000
vn 0.051743 0.998660 -0.000000
vn 0.051743 0.998660 0.000000
vn 0.001840 0.999998 -0.000000
vn 0.001840 0.999998 0.000000
vn -0.048066 0.998844 0.000000
vn -0.048066 0.998844 0.000000
vn -0.097853 0.995201 0.000000
vn -0.097853 0.995201 0.000000
vn -0.147395 0.989078 -0.000000
vn -0.196572 0.980489 0.000000
vn -0.147395 0.989078 0.000000
vn -0.245256 0.969458 0.000000
vn -0.196572 0.980489 -0.000000
vn -0.245256 0.969458 -0.000000
vn -0.293330 0.956011 0.000000
vn -0.293330 0.956011 0.000000
vn -0.340676 0.940181 -0.000000
vn -0.387168 0.922009 0.000000
vn -0.340676 0.940181 0.000000
vn -0.387168 0.922009 -0.000000
vn -0.432700 0.901538 0.000000
vn -0.432700 0.901538 0.000000
vn -0.477149 0.878823 0.000000
vn -0.477149 0.878823 -0.000000
vn -0.520414 0.853914 0.000000
vn -0.520414 0.853914 0.000000
vn -0.562377 0.826881 0.000000
vn -0.562377 0.826881 -0.000000
vn -0.602940 0.797786 0.000000
vn -0.602940 0.797786 -0.000000
vn -0.642007 0.766699 0.000000
vn -0.642007 0.766699 -0.000000
vn -0.679465 0.733707 0.000000
vn -0.679465 0.733707 0.000000
vn -0.715235 0.698884 0.000000
vn -0.715235 0.698884 0.000000
vn -0.749218 0.662324 0.000000
vn -0.749218 0.662324 -0.000000
vn -0.781340 0.624105 0.000000
vn -0.781340 0.624105 0.000000
vn -0.811513 0.584335 0.000000
vn -0.811513 0.584335 -0.000000
vn -0.839661 0.543110 0.000000
vn -0.839661 0.543110 0.000000
vn -0.865717 0.500534 0.000000
vn -0.865717 0.500534 -0.000000
vn -0.889618 0.456705 0.000000
vn -0.889618 0.456705 -0.000000
vn -0.911301 0.411741 0.000000
vn -0.911301 0.411741 -0.000000
vn -0.930714 0.365749 0.000000
vn -0.930714 0.365749 -0.000000
vn -0.947808 0.318842 0.000000
vn -0.947808 0.318842 0.000000
vn -0.962536 0.271155 0.000000
vn -0.962536 0.271155 0.000000
vn -0.974870 0.222775 0.000000
vn -0.974870 0.222775 0.000000
vn -0.984773 0.173848 0.000000
vn -0.984773 0.173848 0.000000
vn -0.992221 0.124491 0.000000
vn -0.992221 0.124491 -0.000000
vn -0.997197 0.074820 0.000000
vn -0.997197 0.074820 -0.000000
vn -0.999689 0.024958 0.000000
vn -0.999689 0.024958 0.000000
vn 0.328755 0.944415 -0.000000
vn 0.328755 0.944415 0.000000
vn 0.000000 0.000000 -1.000000
vn 0.000000 0.000000 -1.000000
vn 0.000000 0.000000 -1.000000
vn 0.000000 0.000000 -1.000000
vn 0.000000 0.000000 -1.000000
vn 0.000000 0.000000 -1.000000
vn 0.000000 0.000000 -1.000000
vn 0.000000 -0.000000 -1.000000
vn 0.000000 0.000000 -1.000000
vn 0.000000 -0.000000 -1.000000
vn 0.000000 0.000000 -1.000000
vn 0.000000 0.000000 -1.000000
vn 0.000000 -0.000000 -1.000000
vn 0.000000 0.000000 -1.000000
vn 0.000000 0.000000 -1.000000
vn 0.000000 -0.000000 -1.000000
vn 0.000000 0.000000 -1.000000
vn 0.000000 -0.000000 -1.000000
vn 0.000000 0.000000 -1.000000
vn 0.000000 -0.000000 -1.000000
vn 0.000000 0.000000 -1.000000
vn 0.000000 -0.000000 -1.000000
vn 0.000000 0.000000 -1.000000
vn 0.000000 -0.000000 -1.000000
vn 0.000000 0.000000 -1.000000
vn 0.000000 0.000000 -1.000000
vn 0.000000 -0.000000 -1.000000
vn 0.000000 0.000000 -1.000000
vn 0.000000 0.000000 -1.000000
vn 0.000000 0.000000 -1.000000
vn 0.000000 0.000000 -1.000000
vn 0.000000 0.000000 -1.000000
vn 0.000000 0.000000 -1.000000
vn 0.000000 0.000000 -1.000000
vn 0.000000 0.000000 -1.000000
vn 0.000000 0.000000 -1.000000
vn 0.000000 0.000000 -1.000000
vn 0.000000 0.000000 -1.000000
vn 0.000000 0.000000 -1.000000
vn 0.000000 -0.000000 -1.000000
vn 0.000000 0.000000 -1.000000
vn 0.000000 0.000000 -1.000000
vn 0.000000 0.000000 -1.000000
vn 0.000000 -0.000000 -1.000000
vn 0.000000 0.000000 -1.000000
vn 0.000000 0.000000 -1.000000
vn 0.000000 0.000000 -1.000000
vn 0.000000 0.000000 -1.000000
vn 0.000000 0.000000 -1.000000
vn 0.000000 0.000000 -1.000000
vn 0.000000 0.000000 -1.000000
vn 0.000000 -0.000000 -1.000000
vn 0.000000 0.000000 -1.000000
vn 0.000000 -0.000000 -1.000000
vn 0.000000 0.000000 -1.000000
vn 0.000000 -0.000000 -1.000000
vn 0.000000 -0.000000 -1.000000
vn 0.000000 0.000000 -1.000000
vn 0.000000 0.000000 -1.000000
vn 0.000000 -0.000000 -1.000000
vn 0.000000 0.000000 -1.000000
vn 0.000000 0.000000 -1.000000
vn 0.000000 0.000000 -1.000000
vn 0.000000 0.000000 -1.000000
vn 0.000000 0.000000 -1.000000
vn 0.000000 0.000000 -1.000000
vn 0.000000 0.000000 -1.000000
vn 0.000000 0.000000 -1.000000
vn 0.000000 0.000000 -1.000000
vn 0.000000 0.000000 -1.000000
vn 0.000000 0.000000 -1.000000
vn 0.000000 0.000000 -1.000000
vn 0.000000 0.000000 -1.000000
vn 0.000000 0.000000 -1.000000
vn 0.000000 0.000000 -1.000000
vn 0.000000 0.000000 -1.000000
vn 0.000000 0.000000 -1.000000
vn 0.000000 0.000000 -1.000000
vn 0.000000 0.000000 -1.000000
vn 0.000000 0.000000 -1.000000
vn 0.000000 0.000000 -1.000000
vn 0.000000 0.000000 -1.000000
vn 0.000000 0.000000 -1.000000
vn 0.000000 0.000000 -1.000000
vn 0.000000 0.000000 -1.000000
vn 0.000000 0.000000 -1.000000
vn 0.000000 0.000000 -1.000000
vn 0.000000 -0.000000 -1.000000
vn 0.000000 0.000000 -1.000000
vn 0.000000 0.000000 -1.000000
vn 0.000000 0.000000 -1.000000
vn 0.000000 0.000000 -1.000000
vn 0.000000 0.000000 -1.000000
vn 0.000000 0.000000 -1.000000
vn 0.000000 0.000000 -1.000000
vn 0.000000 0.000000 -1.000000
vn 0.000000 0.000000 -1.000000
vn 0.000000 0.000000 -1.000000
vn 0.000000 0.000000 -1.000000
vn 0.000000 0.000000 -1.000000
vn 0.000000 0.000000 -1.000000
vn 0.000000 0.000000 -1.000000
vn 0.000000 0.000000 -1.000000
vn 0.000000 0.000000 -1.000000
vn 0.000000 -0.000000 -1.000000
vn 0.000000 0.000000 -1.000000
vn 0.000000 -0.000000 -1.000000
vn 0.000000 0.000000 -1.000000
vn 0.000000 0.000000 -1.000000
vn 0.000000 -0.000000 -1.000000
vn 0.000000 0.000000 -1.000000
vn 0.000000 -0.000000 -1.000000
vn 0.000000 -0.000000 -1.000000
vn 0.000000 0.000000 -1.000000
vn 0.000000 -0.000000 -1.000000
vn 0.000000 0.000000 -1.000000
vn 0.000000 -0.000000 -1.000000
vn 0.000000 0.000000 -1.000000
vn 0.000000 -0.000000 -1.000000
vn 0.000000 -0.000000 -1.000000
vn 0.000000 0.000000 -1.000000
vn 0.000000 -0.000000 -1.000000
vn 0.000000 0.000000 -1.000000
vn 0.000000 -0.000000 -1.000000
vn 0.000000 0.000000 -1.000000
vn 0.000000 -0.000000 -1.000000
vn 0.000000 0.000000 -1.000000
vn 0.000000 0.000000 -1.000000
vn 0.000000 -0.000000 -1.000000
vn 0.000000 0.000000 -1.000000
vn 0.000000 0.000000 -1.000000
vn 0.000000 0.000000 -1.000000
vn 0.000000 0.000000 -1.000000
vn 0.000000 0.000000 -1.000000
vn 0.000000 0.000000 -1.000000
vn 0.000000 0.000000 -1.000000
vn 0.000000 0.000000 -1.000000
vn 0.000000 0.000000 -1.000000
vn 0.000000 0.000000 -1.000000
vn 0.000000 0.000000 -1.000000
vn 0.000000 0.000000 -1.000000
vn 0.000000 0.000000 -1.000000
vn 0.000000 0.000000 -1.000000
vn 0.000000 0.000000 -1.000000
vn 0.000000 0.000000 -1.000000
vn 0.000000 0.000000 -1.000000
vn 0.000000 0.000000 -1.000000
vn 0.000000 0.000000 -1.000000
vn 0.000000 0.000000 -1.000000
vn 0.000000 0.000000 -1.000000
vn 0.000000 0.000000 -1.000000
vn 0.000000 0.000000 -1.000000
vn 0.000000 0.000000 -1.000000
vn 0.000000 0.000000 -1.000000
vn 0.000000 0.000000 -1.000000
vn 0.000000 0.000000 -1.000000
vn 0.000000 0.000000 -1.000000
vn 0.000000 0.000000 -1.000000
vn 0.000000 0.000000 -1.000000
vn 0.000000 0.000000 -1.000000
vn 0.000000 0.000000 -1.000000
vn 0.000000 -0.000000 -1.000000
vn 0.000000 0.000000 -1.000000
vn 0.000000 0.000000 -1.000000
vn 0.000000 0.000000 -1.000000
vn 0.000000 0.000000 -1.000000
vn 0.000000 0.000000 -1.000000
vn 0.000000 0.000000 -1.000000
vn 0.000000 0.000000 -1.000000
vn 0.000000 0.000000 -1.000000
vn 0.000000 0.000000 -1.000000
vn 0.000000 0.000000 -1.000000
vn 0.000000 0.000000 -1.000000
vn 0.000000 0.000000 -1.000000
vn 0.000000 0.000000 -1.000000
vn 0.000000 0.000000 -1.000000
vn 0.000000 0.000000 -1.000000
vn 0.000000 0.000000 -1.000000
vn 0.000000 0.000000 -1.000000
vn 0.000000 0.000000 -1.000000
vn 0.000000 0.000000 -1.000000
vn 0.000000 0.000000 -1.000000
vn 0.000000 -0.000000 -1.000000
vn 0.000000 0.000000 -1.000000
vn 0.000000 0.000000 -1.000000
vn 0.000000 0.000000 -1.000000
vn 0.000000 0.000000 -1.000000
vn 0.000000 0.000000 -1.000000
vn 0.000000 0.000000 -1.000000
vn 0.000000 0.000000 -1.000000
vn 0.000000 0.000000 -1.000000
vn 0.000000 0.000000 -1.000000
vn 0.000000 0.000000 -1.000000
vn 0.951057 0.309016 -0.000000
vn 0.951057 0.309016 0.000000
vn 0.000000 0.000000 1.000000
vn 0.000000 0.000000 1.000000
vn 0.000000 0.000000 1.000000
vn 0.000000 0.000000 1.000000
vn 0.000000 0.000000 1.000000
vn 0.000000 0.000000 1.000000
vn 0.000000 0.000000 1.000000
vn 0.000000 0.000000 1.000000
vn 0.000000 0.000000 1.000000
vn 0.000000 0.000000 1.000000
vn 0.000000 0.000000 1.000000
vn 0.000000 0.000000 1.000000
vn 0.000000 0.000000 1.000000
vn 0.000000 0.000000 1.000000
vn 0.000000 0.000000 1.000000
vn 0.000000 0.000000 1.000000
vn 0.000000 0.000000 1.000000
vn 0.000000 0.000000 1.000000
vn 0.000000 0.000000 1.000000
vn 0.000000 0.000000 1.000000
vn 0.000000 0.000000 1.000000
vn 0.000000 0.000000 1.000000
vn 0.000000 0.000000 1.000000
vn 0.000000 0.000000 1.000000
vn 0.000000 0.000000 1.000000
vn 0.000000 0.000000 1.000000
vn 0.000000 0.000000 1.000000
vn 0.000000 0.000000 1.000000
vn 0.000000 0.000000 1.000000
vn 0.000000 0.000000 1.000000
vn 0.000000 0.000000 1.000000
vn 0.000000 0.000000 1.000000
vn 0.000000 0.000000 1.000000
vn 0.000000 0.000000 1.000000
vn 0.000000 0.000000 1.000000
vn 0.000000 0.000000 1.000000
vn 0.000000 0.000000 1.000000
vn 0.000000 0.000000 1.000000
vn 0.000000 0.000000 1.000000
vn 0.000000 0.000000 1.000000
vn 0.000000 0.000000 1.000000
vn 0.000000 0.000000 1.000000
vn 0.000000 0.000000 1.000000
vn 0.000000 0.000000 1.000000
vn 0.000000 0.000000 1.000000
vn 0.000000 0.000000 1.000000
vn 0.000000 0.000000 1.000000
vn 0.000000 0.000000 1.000000
vn 0.000000 0.000000 1.000000
vn 0.000000 0.000000 1.000000
vn 0.000000 0.000000 1.000000
vn 0.000000 0.000000 1.000000
vn 0.000000 0.000000 1.000000
vn 0.000000 0.000000 1.000000
vn 0.000000 0.000000 1.000000
vn 0.000000 0.000000 1.000000
vn 0.000000 0.000000 1.000000
vn 0.000000 0.000000 1.000000
vn 0.000000 0.000000 1.000000
vn 0.000000 0.000000 1.000000
vn 0.000000 0.000000 1.000000
vn 0.000000 0.000000 1.000000
vn 0.000000 0.000000 1.000000
vn 0.000000 0.000000 1.000000
vn 0.000000 0.000000 1.000000
vn 0.000000 0.000000 1.000000
vn 0.000000 0.000000 1.000000
vn 0.000000 0.000000 1.000000
vn 0.000000 0.000000 1.000000
vn 0.000000 0.000000 1.000000
vn 0.000000 0.000000 1.000000
vn 0.000000 0.000000 1.000000
vn 0.000000 0.000000 1.000000
vn 0.000000 0.000000 1.000000
vn 0.000000 0.000000 1.000000
vn 0.000000 0.000000 1.000000
vn 0.000000 0.000000 1.000000
vn 0.000000 0.000000 1.000000
vn 0.000000 0.000000 1.000000
vn 0.000000 0.000000 1.000000
vn 0.000000 0.000000 1.000000
vn 0.000000 0.000000 1.000000
vn 0.000000 0.000000 1.000000
vn 0.000000 0.000000 1.000000
vn 0.000000 0.000000 1.000000
vn 0.000000 0.000000 1.000000
vn 0.000000 0.000000 1.000000
vn 0.000000 0.000000 1.000000
vn 0.000000 0.000000 1.000000
vn 0.000000 0.000000 1.000000
vn 0.000000 0.000000 1.000000
vn 0.000000 0.000000 1.000000
vn 0.000000 0.000000 1.000000
vn 0.000000 0.000000 1.000000
vn 0.000000 0.000000 1.000000
vn 0.000000 0.000000 1.000000
vn 0.000000 0.000000 1.000000
vn 0.000000 0.000000 1.000000
vn 0.000000 0.000000 1.000000
vn 0.000000 0.000000 1.000000
vn 0.000000 0.000000 1.000000
vn 0.000000 0.000000 1.000000
vn 0.000000 0.000000 1.000000
vn 0.000000 0.000000 1.000000
vn 0.000000 0.000000 1.000000
vn 0.000000 0.000000 1.000000
vn 0.000000 0.000000 1.000000
vn 0.000000 0.000000 1.000000
vn 0.000000 0.000000 1.000000
vn 0.000000 0.000000 1.000000
vn 0.000000 0.000000 1.000000
vn 0.000000 0.000000 1.000000
vn 0.000000 0.000000 1.000000
vn 0.000000 0.000000 1.000000
vn 0.000000 0.000000 1.000000
vn 0.000000 0.000000 1.000000
vn 0.000000 0.000000 1.000000
vn 0.000000 0.000000 1.000000
vn 0.000000 0.000000 1.000000
vn 0.000000 0.000000 1.000000
vn 0.000000 0.000000 1.000000
vn 0.000000 0.000000 1.000000
vn 0.000000 0.000000 1.000000
vn 0.000000 0.000000 1.000000
vn 0.000000 0.000000 1.000000
vn 0.000000 0.000000 1.000000
vn 0.000000 0.000000 1.000000
vn 0.000000 0.000000 1.000000
vn 0.000000 0.000000 1.000000
vn 0.000000 0.000000 1.000000
vn 0.000000 0.000000 1.000000
vn 0.000000 0.000000 1.000000
vn 0.000000 0.000000 1.000000
vn 0.000000 0.000000 1.000000
vn 0.000000 0.000000 1.000000
vn 0.000000 0.000000 1.000000
vn 0.000000 0.000000 1.000000
vn 0.000000 0.000000 1.000000
vn 0.000000 0.000000 1.000000
vn 0.000000 0.000000 1.000000
vn 0.000000 0.000000 1.000000
vn 0.000000 0.000000 1.000000
vn 0.000000 0.000000 1.000000
vn 0.000000 0.000000 1.000000
vn 0.000000 0.000000 1.000000
vn 0.000000 0.000000 1.000000
vn 0.000000 0.000000 1.000000
vn 0.000000 0.000000 1.000000
vn 0.000000 0.000000 1.000000
vn 0.000000 0.000000 1.000000
vn 0.000000 0.000000 1.000000
vn 0.000000 0.000000 1.000000
vn 0.000000 0.000000 1.000000
vn 0.000000 0.000000 1.000000
vn 0.000000 0.000000 1.000000
vn 0.000000 0.000000 1.000000
vn 0.000000 0.000000 1.000000
vn 0.000000 0.000000 1.000000
vn 0.000000 0.000000 1.000000
vn 0.000000 0.000000 1.000000
vn 0.000000 0.000000 1.000000
vn 0.000000 0.000000 1.000000
vn 0.000000 0.000000 1.000000
vn 0.000000 0.000000 1.000000
vn 0.000000 0.000000 1.000000
vn 0.000000 0.000000 1.000000
vn 0.000000 0.000000 1.000000
vn 0.000000 0.000000 1.000000
vn 0.000000 0.000000 1.000000
vn 0.000000 0.000000 1.000000
vn 0.000000 0.000000 1.000000
vn 0.000000 0.000000 1.000000
vn 0.000000 0.000000 1.000000
vn 0.000000 0.000000 1.000000
vn 0.000000 0.000000 1.000000
vn 0.000000 0.000000 1.000000
vn 0.000000 0.000000 1.000000
vn 0.000000 0.000000 1.000000
vn 0.000000 0.000000 1.000000
vn 0.000000 0.000000 1.000000
vn 0.000000 0.000000 1.000000
vn 0.000000 0.000000 1.000000
vn 0.000000 0.000000 1.000000
vn 0.000000 0.000000 1.000000
vn 0.000000 0.000000 1.000000
vn 0.000000 0.000000 1.000000
vn 0.000000 0.000000 1.000000
vn 0.000000 0.000000 1.000000
vn 0.000000 0.000000 1.000000
vn 0.000000 0.000000 1.000000
vn 0.000000 0.000000 1.000000
vn 0.000000 0.000000 1.000000
vn 0.000000 0.000000 1.000000
vn -0.999689 -0.024958 -0.000000
vn -0.999689 -0.024958 -0.000000
vn -0.997197 -0.074820 -0.000000
vn -0.997197 -0.074820 0.000000
vn -0.992221 -0.124491 -0.000000
vn -0.992221 -0.124491 0.000000
vn -0.984773 -0.173848 -0.000000
vn -0.984773 -0.173848 -0.000000
vn -0.974870 -0.222775 -0.000000
vn -0.974870 -0.222775 -0.000000
vn -0.962536 -0.271155 0.000000
vn -0.962536 -0.271155 -0.000000
vn -0.947808 -0.318842 -0.000000
vn -0.947808 -0.318842 -0.000000
vn -0.930714 -0.365749 -0.000000
vn -0.930714 -0.365749 0.000000
vn -0.911301 -0.411741 0.000000
vn -0.911301 -0.411741 0.000000
vn -0.889618 -0.456705 -0.000000
vn -0.889618 -0.456705 0.000000
vn -0.865717 -0.500534 0.000000
vn -0.865717 -0.500534 0.000000
vn -0.839661 -0.543110 0.000000
vn -0.839661 -0.543110 -0.000000
vn -0.811513 -0.584335 -0.000000
vn -0.811513 -0.584335 0.000000
vn -0.781340 -0.624105 -0.000000
vn -0.781340 -0.624105 -0.000000
vn -0.749218 -0.662324 0.000000
vn -0.715235 -0.698884 0.000000
vn -0.749218 -0.662324 0.000000
vn -0.715235 -0.698884 -0.000000
vn -0.679465 -0.733707 -0.000000
vn -0.642007 -0.766699 0.000000
vn -0.679465 -0.733707 -0.000000
vn -0.642007 -0.766699 0.000000
vn -0.602940 -0.797786 0.000000
vn -0.562377 -0.826881 0.000000
vn -0.602940 -0.797786 -0.000000
vn -0.562377 -0.826881 0.000000
vn -0.520414 -0.853914 -0.000000
vn -0.477149 -0.878823 0.000000
vn -0.520414 -0.853914 -0.000000
vn -0.477149 -0.878823 0.000000
vn -0.432700 -0.901538 -0.000000
vn -0.432700 -0.901538 -0.000000
vn -0.387168 -0.922009 0.000000
vn -0.340676 -0.940181 0.000000
vn -0.387168 -0.922009 -0.000000
vn -0.340676 -0.940181 0.000000
vn -0.293330 -0.956011 -0.000000
vn -0.293330 -0.956011 -0.000000
vn -0.245256 -0.969458 0.000000
vn -0.245256 -0.969458 0.000000
vn -0.196572 -0.980489 0.000000
vn -0.196572 -0.980489 0.000000
vn -0.147395 -0.989078 0.000000
vn -0.147395 -0.989078 0.000000
vn -0.097853 -0.995201 -0.000000
vn -0.097853 -0.995201 -0.000000
vn -0.048066 -0.998844 0.000000
vn -0.048066 -0.998844 -0.000000
vn 0.001840 -0.999998 0.000000
vn 0.001840 -0.999998 0.000000
vn 0.051743 -0.998660 0.000000
vn 0.051743 -0.998660 0.000000
vn 0.101515 -0.994834 0.000000
vn 0.101515 -0.994834 -0.000000
vn 0.151035 -0.988528 0.000000
vn 0.151035 -0.988528 0.000000
vn 0.200181 -0.979759 0.000000
vn 0.200181 -0.979759 -0.000000
vn 0.248823 -0.968549 0.000000
vn 0.248823 -0.968549 0.000000
vn 0.296849 -0.954924 0.000000
vn 0.296849 -0.954924 -0.000000
vn 0.344134 -0.938921 0.000000
vn 0.344134 -0.938921 0.000000
vn 0.390560 -0.920577 0.000000
vn 0.390560 -0.920577 0.000000
vn 0.436014 -0.899940 0.000000
vn 0.436014 -0.899940 -0.000000
vn 0.480381 -0.877060 0.000000
vn 0.480381 -0.877060 -0.000000
vn 0.523554 -0.851993 0.000000
vn 0.523554 -0.851993 -0.000000
vn 0.565418 -0.824805 0.000000
vn 0.565418 -0.824805 -0.000000
vn 0.605875 -0.795560 0.000000
vn 0.605875 -0.795560 -0.000000
vn 0.644822 -0.764332 0.000000
vn 0.644822 -0.764332 0.000000
vn 0.682163 -0.731201 0.000000
vn 0.682163 -0.731201 -0.000000
vn 0.717802 -0.696247 0.000000
vn 0.717802 -0.696247 0.000000
vn 0.000000 0.000000 -1.000000
vn 0.000000 -0.000000 -1.000000
vn 0.000000 -0.000000 -1.000000
vn 0.000000 0.000000 -1.000000
vn 0.000000 0.000000 -1.000000
vn 0.000000 0.000000 -1.000000
vn 0.000000 0.000000 -1.000000
vn 0.000000 0.000000 -1.000000
vn 0.000000 -0.000000 -1.000000
vn 0.000000 0.000000 -1.000000
vn 0.000000 -0.000000 -1.000000
vn 0.000000 0.000000 -1.000000
vn 0.000000 0.000000 -1.000000
vn 0.000000 -0.000000 -1.000000
vn 0.000000 -0.000000 -1.000000
vn 0.000000 0.000000 -1.000000
vn 0.000000 0.000000 -1.000000
vn 0.000000 0.000000 -1.000000
vn 0.000000 0.000000 -1.000000
vn 0.000000 0.000000 -1.000000
vn 0.000000 0.000000 -1.000000
vn 0.000000 -0.000000 -1.000000
vn -0.000000 -0.000000 -1.000000
vn 0.000000 0.000000 -1.000000
vn -0.000000 -0.000000 -1.000000
vn 0.000000 0.000000 -1.000000
vn 0.000000 0.000000 -1.000000
vn 0.000000 0.000000 -1.000000
vn 0.000000 0.000000 -1.000000
vn 0.000000 0.000000 -1.000000
vn 0.000000 0.000000 -1.000000
vn 0.000000 -0.000000 -1.000000
vn 0.000000 -0.000000 -1.000000
vn 0.000000 -0.000000 -1.000000
vn 0.000000 -0.000000 -1.000000
vn 0.000000 -0.000000 -1.000000
vn 0.000000 -0.000000 -1.000000
vn 0.000000 -0.000000 -1.000000
vn 0.000000 -0.000000 -1.000000
vn 0.000000 -0.000000 -1.000000
vn 0.000000 -0.000000 -1.000000
vn 0.000000 -0.000000 -1.000000
vn 0.000000 -0.000000 -1.000000
vn 0.000000 -0.000000 -1.000000
vn 0.000000 -0.000000 -1.000000
vn 0.000000 -0.000000 -1.000000
vn 0.000000 0.000000 -1.000000
vn 0.000000 -0.000000 -1.000000
vn 0.000000 -0.000000 -1.000000
vn 0.000000 -0.000000 -1.000000
vn 0.000000 -0.000000 -1.000000
vn 0.000000 0.000000 -1.000000
vn 0.000000 0.000000 -1.000000
vn 0.000000 0.000000 -1.000000
vn 0.000000 0.000000 -1.000000
vn 0.000000 0.000000 -1.000000
vn 0.000000 0.000000 -1.000000
vn 0.000000 0.000000 -1.000000
vn 0.000000 0.000000 -1.000000
vn 0.000000 0.000000 -1.000000
vn 0.000000 0.000000 -1.000000
vn 0.000000 0.000000 -1.000000
vn 0.000000 0.000000 -1.000000
vn 0.000000 0.000000 -1.000000
vn 0.000000 0.000000 -1.000000
vn 0.000000 0.000000 -1.000000
vn 0.000000 0.000000 -1.000000
vn 0.000000 0.000000 -1.000000
vn 0.000000 0.000000 -1.000000
vn 0.000000 0.000000 -1.000000
vn 0.000000 0.000000 -1.000000
vn 0.000000 0.000000 -1.000000
vn 0.000000 0.000000 -1.000000
vn 0.000000 0.000000 -1.000000
vn 0.000000 0.000000 -1.000000
vn 0.000000 0.000000 -1.000000
vn 0.000000 0.000000 -1.000000
vn 0.000000 0.000000 -1.000000
vn 0.000000 0.000000 -1.000000
vn 0.000000 0.000000 -1.000000
vn 0.000000 0.000000 -1.000000
vn 0.000000 0.000000 -1.000000
vn 0.000000 0.000000 -1.000000
vn 0.000000 0.000000 -1.000000
vn 0.000000 0.000000 -1.000000
vn 0.000000 0.000000 -1.000000
vn 0.000000 -0.000000 -1.000000
vn 0.000000 -0.000000 -1.000000
vn 0.000000 0.000000 -1.000000
vn 0.000000 -0.000000 -1.000000
vn 0.000000 -0.000000 -1.000000
vn 0.000000 0.000000 -1.000000
vn 0.000000 -0.000000 -1.000000
vn 0.000000 -0.000000 -1.000000
vn 0.000000 -0.000000 -1.000000
vn 0.000000 -0.000000 -1.000000
vn 0.000000 0.000000 -1.000000
vn 0.000000 -0.000000 -1.000000
vn 0.000000 -0.000000 -1.000000
vn 0.000000 -0.000000 -1.000000
vn 0.000000 0.000000 -1.000000
vn 0.000000 -0.000000 -1.000000
vn 0.000000 -0.000000 -1.000000
vn 0.000000 -0.000000 -1.000000
vn 0.000000 -0.000000 -1.000000
vn 0.000000 0.000000 -1.000000
vn 0.000000 -0.000000 -1.000000
vn 0.000000 -0.000000 -1.000000
vn 0.000000 0.000000 -1.000000
vn 0.000000 -0.000000 -1.000000
vn 0.000000 -0.000000 -1.000000
vn 0.000000 0.000000 -1.000000
vn 0.000000 -0.000000 -1.000000
vn 0.000000 -0.000000 -1.000000
vn 0.000000 0.000000 -1.000000
vn 0.000000 -0.000000 -1.000000
vn 0.000000 -0.000000 -1.000000
vn 0.000000 0.000000 -1.000000
vn 0.000000 -0.000000 -1.000000
vn 0.000000 -0.000000 -1.000000
vn 0.000000 0.000000 -1.000000
vn 0.000000 0.000000 -1.000000
vn 0.000000 -0.000000 -1.000000
vn 0.000000 -0.000000 -1.000000
vn 0.000000 0.000000 -1.000000
vn 0.000000 0.000000 -1.000000
vn 0.000000 -0.000000 -1.000000
vn 0.000000 0.000000 -1.000000
vn 0.000000 -0.000000 -1.000000
vn 0.000000 0.000000 -1.000000
vn 0.000000 -0.000000 -1.000000
vn 0.000000 0.000000 -1.000000
vn 0.000000 0.000000 -1.000000
vn 0.000000 0.000000 -1.000000
vn 0.000000 0.000000 -1.000000
vn 0.000000 0.000000 -1.000000
vn 0.000000 0.000000 -1.000000
vn 0.000000 0.000000 -1.000000
vn 0.000000 0.000000 -1.000000
vn 0.000000 0.000000 -1.000000
vn 0.000000 0.000000 -1.000000
vn 0.000000 0.000000 -1.000000
vn 0.000000 0.000000 -1.000000
vn 0.000000 0.000000 -1.000000
vn 0.000000 0.000000 -1.000000
vn 0.000000 0.000000 -1.000000
vn 0.000000 0.000000 -1.000000
vn 0.000000 0.000000 -1.000000
vn 0.000000 0.000000 -1.000000
vn 0.000000 0.000000 -1.000000
vn 0.000000 0.000000 -1.000000
vn 0.000000 0.000000 -1.000000
vn 0.000000 0.000000 -1.000000
vn 0.000000 0.000000 -1.000000
vn 0.000000 0.000000 -1.000000
vn 0.000000 0.000000 -1.000000
vn 0.000000 0.000000 -1.000000
vn 0.000000 0.000000 -1.000000
vn 0.000000 0.000000 -1.000000
vn 0.000000 0.000000 -1.000000
vn 0.000000 0.000000 -1.000000
vn 0.000000 0.000000 -1.000000
vn 0.000000 0.000000 -1.000000
vn 0.000000 0.000000 -1.000000
vn 0.000000 -0.000000 -1.000000
vn 0.000000 -0.000000 -1.000000
vn 0.000000 -0.000000 -1.000000
vn 0.000000 -0.000000 -1.000000
vn 0.000000 0.000000 -1.000000
vn -0.000000 -0.000000 -1.000000
vn 0.000000 0.000000 -1.000000
vn 0.000000 0.000000 -1.000000
vn 0.000000 0.000000 -1.000000
vn -0.000000 -0.000000 -1.000000
vn 0.000000 0.000000 -1.000000
vn -0.000000 -0.000000 -1.000000
vn -0.000000 -0.000000 -1.000000
vn 0.000000 0.000000 -1.000000
vn 0.000000 0.000000 -1.000000
vn 0.000000 0.000000 -1.000000
vn -0.000000 -0.000000 -1.000000
vn -0.000000 -0.000000 -1.000000
vn 0.000000 0.000000 -1.000000
vn 0.000000 0.000000 -1.000000
vn 0.000000 0.000000 -1.000000
vn -0.000000 -0.000000 -1.000000
vn 0.000000 -0.000000 -1.000000
vn 0.000000 0.000000 -1.000000
vn 0.000000 0.000000 -1.000000
vn 0.000000 0.000000 -1.000000
vn 0.000000 0.000000 -1.000000
vn 0.000000 -0.000000 -1.000000
vn 0.000000 -0.000000 -1.000000
vn 0.000000 0.000000 -1.000000
vn 0.000000 0.000000 -1.000000
vn 0.000000 0.000000 -1.000000
vn 0.000000 -0.000000 -1.000000
vn 0.000000 -0.000000 -1.000000
vn 0.000000 0.000000 -1.000000
vn 0.000000 0.000000 -1.000000
vn 0.000000 -0.000000 -1.000000
vn 0.000000 -0.000000 -1.000000
vn 0.000000 0.000000 -1.000000
vn 0.000000 0.000000 -1.000000
vn 0.000000 0.000000 -1.000000
vn 0.000000 -0.000000 -1.000000
vn 0.000000 -0.000000 -1.000000
vn 0.000000 -0.000000 -1.000000
vn 0.000000 0.000000 -1.000000
vn 0.000000 -0.000000 -1.000000
vn 0.000000 -0.000000 -1.000000
vn 0.000000 -0.000000 -1.000000
vn 0.000000 0.000000 -1.000000
vn 0.000000 -0.000000 -1.000000
vn 0.000000 -0.000000 -1.000000
vn 0.000000 -0.000000 -1.000000
vn 0.000000 0.000000 -1.000000
vn 0.000000 -0.000000 -1.000000
vn 0.000000 -0.000000 -1.000000
vn 0.000000 -0.000000 -1.000000
vn 0.000000 0.000000 -1.000000
vn 0.000000 -0.000000 -1.000000
vn 0.000000 -0.000000 -1.000000
vn 0.000000 -0.000000 -1.000000
vn 0.000000 0.000000 -1.000000
vn 0.000000 -0.000000 -1.000000
vn 0.000000 -0.000000 -1.000000
vn 0.000000 -0.000000 -1.000000
vn 0.000000 -0.000000 -1.000000
vn 0.000000 -0.000000 -1.000000
vn 0.000000 -0.000000 -1.000000
vn 0.000000 -0.000000 -1.000000
vn 0.000000 0.000000 -1.000000
vn 0.000000 0.000000 -1.000000
vn 0.000000 0.000000 -1.000000
vn 0.000000 0.000000 -1.000000
vn 0.000000 -0.000000 -1.000000
vn 0.000000 -0.000000 -1.000000
vn 0.000000 0.000000 -1.000000
vn 0.000000 0.000000 -1.000000
vn 0.000000 0.000000 -1.000000
vn 0.000000 0.000000 -1.000000
vn 0.000000 0.000000 -1.000000
vn 0.000000 0.000000 -1.000000
vn 0.000000 0.000000 -1.000000
vn 0.000000 0.000000 -1.000000
vn 0.000000 0.000000 -1.000000
vn 0.000000 0.000000 -1.000000
vn 0.000000 0.000000 -1.000000
vn 0.000000 0.000000 -1.000000
vn 0.000000 0.000000 -1.000000
vn 0.000000 0.000000 -1.000000
vn 0.000000 0.000000 -1.000000
vn 0.000000 0.000000 -1.000000
vn 0.000000 0.000000 -1.000000
vn 0.000000 0.000000 -1.000000
vn 0.000000 0.000000 -1.000000
vn 0.000000 0.000000 -1.000000
vn 0.000000 0.000000 -1.000000
vn 0.000000 0.000000 -1.000000
vn 0.000000 0.000000 -1.000000
vn 0.000000 0.000000 -1.000000
vn 0.000000 0.000000 -1.000000
vn 0.000000 0.000000 -1.000000
vn 0.000000 0.000000 -1.000000
vn 0.000000 0.000000 -1.000000
vn 0.000000 0.000000 -1.000000
vn 0.000000 0.000000 -1.000000
vn 0.000000 0.000000 -1.000000
vn 0.000000 0.000000 -1.000000
vn 0.000000 0.000000 -1.000000
vn 0.000000 0.000000 -1.000000
vn 0.000000 0.000000 -1.000000
vn 0.000000 0.000000 -1.000000
vn 0.000000 0.000000 -1.000000
vn 0.000000 0.000000 -1.000000
vn 0.000000 0.000000 -1.000000
vn 0.000000 0.000000 -1.000000
vn 0.000000 0.000000 -1.000000
vn 0.000000 0.000000 -1.000000
vn 0.000000 0.000000 -1.000000
vn 0.000000 0.000000 -1.000000
vn 0.000000 0.000000 -1.000000
vn 0.000000 0.000000 -1.000000
vn 0.000000 0.000000 -1.000000
vn 0.000000 0.000000 -1.000000
vn 0.000000 0.000000 -1.000000
vn 0.000000 0.000000 -1.000000
vn 0.000000 0.000000 -1.000000
vn 0.000000 0.000000 -1.000000
vn 0.000000 0.000000 -1.000000
vn 0.000000 0.000000 -1.000000
vn 0.000000 0.000000 -1.000000
vn 0.000000 0.000000 -1.000000
vn 0.000000 0.000000 -1.000000
vn 0.000000 0.000000 -1.000000
vn 0.000000 0.000000 1.000000
vn 0.000000 0.000000 1.000000
vn 0.000000 0.000000 1.000000
vn 0.000000 0.000000 1.000000
vn 0.000000 0.000000 1.000000
vn 0.000000 0.000000 1.000000
vn 0.000000 0.000000 1.000000
vn 0.000000 0.000000 1.000000
vn 0.000000 0.000000 1.000000
vn 0.000000 0.000000 1.000000
vn 0.000000 0.000000 1.000000
vn 0.000000 0.000000 1.000000
vn 0.000000 0.000000 1.000000
vn 0.000000 0.000000 1.000000
vn 0.000000 0.000000 1.000000
vn 0.000000 0.000000 1.000000
vn 0.000000 0.000000 1.000000
vn 0.000000 0.000000 1.000000
vn 0.000000 0.000000 1.000000
vn 0.000000 0.000000 1.000000
vn 0.000000 0.000000 1.000000
vn 0.000000 0.000000 1.000000
vn 0.000000 0.000000 1.000000
vn 0.000000 0.000000 1.000000
vn 0.000000 0.000000 1.000000
vn 0.000000 0.000000 1.000000
vn 0.000000 0.000000 1.000000
vn 0.000000 0.000000 1.000000
vn 0.000000 0.000000 1.000000
vn 0.000000 0.000000 1.000000
vn 0.000000 0.000000 1.000000
vn 0.000000 0.000000 1.000000
vn 0.000000 0.000000 1.000000
vn 0.000000 0.000000 1.000000
vn 0.000000 0.000000 1.000000
vn 0.000000 0.000000 1.000000
vn 0.000000 0.000000 1.000000
vn 0.000000 0.000000 1.000000
vn 0.000000 0.000000 1.000000
vn 0.000000 0.000000 1.000000
vn 0.000000 0.000000 1.000000
vn 0.000000 0.000000 1.000000
vn 0.000000 0.000000 1.000000
vn 0.000000 0.000000 1.000000
vn 0.000000 0.000000 1.000000
vn 0.000000 0.000000 1.000000
vn 0.000000 0.000000 1.000000
vn 0.000000 0.000000 1.000000
vn 0.000000 0.000000 1.000000
vn 0.000000 0.000000 1.000000
vn 0.000000 0.000000 1.000000
vn 0.000000 0.000000 1.000000
vn 0.000000 0.000000 1.000000
vn 0.000000 0.000000 1.000000
vn 0.000000 0.000000 1.000000
vn 0.000000 0.000000 1.000000
vn 0.000000 0.000000 1.000000
vn 0.000000 0.000000 1.000000
vn 0.000000 0.000000 1.000000
vn 0.000000 0.000000 1.000000
vn 0.000000 0.000000 1.000000
vn 0.000000 0.000000 1.000000
vn 0.000000 0.000000 1.000000
vn 0.000000 0.000000 1.000000
vn 0.000000 0.000000 1.000000
vn 0.000000 0.000000 1.000000
vn 0.000000 0.000000 1.000000
vn 0.000000 0.000000 1.000000
vn 0.000000 0.000000 1.000000
vn 0.000000 0.000000 1.000000
vn 0.000000 0.000000 1.000000
vn 0.000000 0.000000 1.000000
vn 0.000000 0.000000 1.000000
vn 0.000000 0.000000 1.000000
vn 0.000000 0.000000 1.000000
vn 0.000000 0.000000 1.000000
vn 0.000000 0.000000 1.000000
vn 0.000000 0.000000 1.000000
vn 0.000000 0.000000 1.000000
vn 0.000000 0.000000 1.000000
vn 0.000000 0.000000 1.000000
vn 0.000000 0.000000 1.000000
vn 0.000000 0.000000 1.000000
vn 0.000000 0.000000 1.000000
vn 0.000000 0.000000 1.000000
vn 0.000000 0.000000 1.000000
vn 0.000000 0.000000 1.000000
vn 0.000000 0.000000 1.000000
vn 0.000000 0.000000 1.000000
vn 0.000000 0.000000 1.000000
vn 0.000000 0.000000 1.000000
vn 0.000000 0.000000 1.000000
vn 0.000000 0.000000 1.000000
vn 0.000000 0.000000 1.000000
vn 0.000000 0.000000 1.000000
vn 0.000000 0.000000 1.000000
vn 0.000000 0.000000 1.000000
vn 0.000000 0.000000 1.000000
vn 0.000000 0.000000 1.000000
vn 0.000000 0.000000 1.000000
vn 0.000000 0.000000 1.000000
vn 0.000000 0.000000 1.000000
vn 0.000000 0.000000 1.000000
vn 0.000000 0.000000 1.000000
vn 0.000000 0.000000 1.000000
vn 0.000000 0.000000 1.000000
vn 0.000000 0.000000 1.000000
vn 0.000000 0.000000 1.000000
vn 0.000000 0.000000 1.000000
vn 0.000000 0.000000 1.000000
vn 0.000000 0.000000 1.000000
vn 0.000000 0.000000 1.000000
vn 0.000000 0.000000 1.000000
vn 0.000000 0.000000 1.000000
vn 0.000000 0.000000 1.000000
vn 0.000000 0.000000 1.000000
vn 0.000000 0.000000 1.000000
vn 0.000000 0.000000 1.000000
vn 0.000000 0.000000 1.000000
vn 0.000000 0.000000 1.000000
vn 0.000000 0.000000 1.000000
vn 0.000000 0.000000 1.000000
vn 0.000000 0.000000 1.000000
vn 0.000000 0.000000 1.000000
vn 0.000000 0.000000 1.000000
vn 0.000000 0.000000 1.000000
vn 0.000000 0.000000 1.000000
vn 0.000000 0.000000 1.000000
vn 0.000000 0.000000 1.000000
vn 0.000000 0.000000 1.000000
vn 0.000000 0.000000 1.000000
vn 0.000000 0.000000 1.000000
vn 0.000000 0.000000 1.000000
vn 0.000000 0.000000 1.000000
vn 0.000000 0.000000 1.000000
vn 0.000000 0.000000 1.000000
vn 0.000000 0.000000 1.000000
vn 0.000000 0.000000 1.000000
vn 0.000000 0.000000 1.000000
vn 0.000000 0.000000 1.000000
vn 0.000000 0.000000 1.000000
vn 0.000000 0.000000 1.000000
vn 0.000000 0.000000 1.000000
vn 0.000000 0.000000 1.000000
vn 0.000000 0.000000 1.000000
vn 0.000000 0.000000 1.000000
vn 0.000000 0.000000 1.000000
vn 0.000000 0.000000 1.000000
vn 0.000000 0.000000 1.000000
vn 0.000000 0.000000 1.000000
vn 0.000000 0.000000 1.000000
vn 0.000000 0.000000 1.000000
vn 0.000000 0.000000 1.000000
vn 0.000000 0.000000 1.000000
vn 0.000000 0.000000 1.000000
vn 0.000000 0.000000 1.000000
vn 0.000000 0.000000 1.000000
vn 0.000000 0.000000 1.000000
vn 0.000000 0.000000 1.000000
vn 0.000000 0.000000 1.000000
vn 0.000000 0.000000 1.000000
vn 0.000000 0.000000 1.000000
vn 0.000000 0.000000 1.000000
vn 0.000000 0.000000 1.000000
vn 0.000000 0.000000 1.000000
vn 0.000000 0.000000 1.000000
vn 0.000000 0.000000 1.000000
vn 0.000000 0.000000 1.000000
vn 0.000000 0.000000 1.000000
vn 0.000000 0.000000 1.000000
vn 0.000000 0.000000 1.000000
vn 0.000000 0.000000 1.000000
vn 0.000000 0.000000 1.000000
vn 0.000000 0.000000 1.000000
vn 0.000000 0.000000 1.000000
vn 0.000000 0.000000 1.000000
vn 0.000000 0.000000 1.000000
vn 0.000000 0.000000 1.000000
vn 0.000000 0.000000 1.000000
vn 0.000000 0.000000 1.000000
vn 0.000000 0.000000 1.000000
vn 0.000000 0.000000 1.000000
vn 0.000000 0.000000 1.000000
vn 0.000000 0.000000 1.000000
vn 0.000000 0.000000 1.000000
vn 0.000000 0.000000 1.000000
vn 0.000000 0.000000 1.000000
vn 0.000000 0.000000 1.000000
vn 0.000000 0.000000 1.000000
vn 0.000000 0.000000 1.000000
vn 0.000000 0.000000 1.000000
vn 0.000000 0.000000 1.000000
vn 0.000000 0.000000 1.000000
vn 0.000000 0.000000 1.000000
vn 0.000000 0.000000 1.000000
vn 0.000000 0.000000 1.000000
vn 0.000000 0.000000 1.000000
vn 0.000000 0.000000 1.000000
vn 0.000000 0.000000 1.000000
vn 0.000000 0.000000 1.000000
vn 0.000000 0.000000 1.000000
vn 0.000000 0.000000 1.000000
vn 0.000000 0.000000 1.000000
vn 0.000000 0.000000 1.000000
vn 0.000000 0.000000 1.000000
vn 0.000000 0.000000 1.000000
vn 0.000000 0.000000 1.000000
vn 0.000000 0.000000 1.000000
vn 0.000000 0.000000 1.000000
vn 0.000000 0.000000 1.000000
vn 0.000000 0.000000 1.000000
vn 0.000000 0.000000 1.000000
vn 0.000000 0.000000 1.000000
vn 0.000000 0.000000 1.000000
vn 0.000000 0.000000 1.000000
vn 0.000000 0.000000 1.000000
vn 0.000000 0.000000 1.000000
vn 0.000000 0.000000 1.000000
vn 0.000000 0.000000 1.000000
vn 0.000000 0.000000 1.000000
vn 0.000000 0.000000 1.000000
vn 0.000000 0.000000 1.000000
vn 0.000000 0.000000 1.000000
vn 0.000000 0.000000 1.000000
vn 0.000000 0.000000 1.000000
vn 0.000000 0.000000 1.000000
vn 0.000000 0.000000 1.000000
vn 0.000000 0.000000 1.000000
vn 0.000000 0.000000 1.000000
vn 0.000000 0.000000 1.000000
vn 0.000000 0.000000 1.000000
vn 0.000000 0.000000 1.000000
vn 0.000000 0.000000 1.000000
vn 0.000000 0.000000 1.000000
vn 0.000000 0.000000 1.000000
vn 0.000000 0.000000 1.000000
vn 0.000000 0.000000 1.000000
vn 0.000000 0.000000 1.000000
vn 0.000000 0.000000 1.000000
vn 0.000000 0.000000 1.000000
vn 0.000000 0.000000 1.000000
vn 0.000000 0.000000 1.000000
vn 0.000000 0.000000 1.000000
vn 0.000000 0.000000 1.000000
vn 0.000000 0.000000 1.000000
vn 0.000000 0.000000 1.000000
vn 0.000000 0.000000 1.000000
vn 0.000000 0.000000 1.000000
vn 0.000000 0.000000 1.000000
vn 0.000000 0.000000 1.000000
vn 0.000000 0.000000 1.000000
vn 0.000000 0.000000 1.000000
vn 0.000000 0.000000 1.000000
vn 0.000000 0.000000 1.000000
vn 0.000000 0.000000 1.000000
vn 0.000000 0.000000 1.000000
vn 0.000000 0.000000 1.000000
vn 0.000000 0.000000 1.000000
vn 0.000000 0.000000 1.000000
vn 0.000000 0.000000 1.000000
vn 0.000000 0.000000 1.000000
vn 0.000000 0.000000 1.000000
vn 0.000000 0.000000 1.000000
vn 0.000000 0.000000 1.000000
vn 0.000000 0.000000 1.000000
vn 0.000000 0.000000 1.000000
vn 0.000000 0.000000 1.000000
vn 0.000000 0.000000 1.000000
vn 0.000000 0.000000 1.000000
vn 0.000000 0.000000 1.000000
vn 0.000000 0.000000 1.000000
vn 0.000000 0.000000 1.000000
vn 0.000000 0.000000 1.000000
vn 0.000000 0.000000 1.000000
vn 0.000000 0.000000 1.000000
vn 0.000000 0.000000 1.000000
vn 0.000000 0.000000 1.000000
vn 0.000000 0.000000 1.000000
vn 0.000000 0.000000 1.000000
vn 0.000000 0.000000 1.000000
vn 0.000000 0.000000 1.000000
vn 0.000000 0.000000 1.000000
vn 0.000000 0.000000 1.000000
vn 0.000000 0.000000 1.000000
vn 0.000000 0.000000 1.000000
vn 0.000000 0.000000 1.000000
vn 0.000000 0.000000 1.000000
vn 0.000000 0.000000 1.000000
vn 0.000000 0.000000 1.000000
vn 0.000000 0.000000 1.000000
vn 0.000000 0.000000 1.000000
vn 0.000000 0.000000 1.000000
vn 0.000000 0.000000 1.000000
vn 0.000000 0.000000 1.000000
vn 0.000000 0.000000 1.000000
vn 0.000000 0.000000 1.000000
vn 0.000000 0.000000 -1.000000
vn 0.000000 0.000000 -1.000000
vn 0.000000 0.000000 -1.000000
vn 0.000000 0.000000 -1.000000
vn 0.000000 0.000000 -1.000000
vn 0.000000 0.000000 -1.000000
vn 0.000000 0.000000 -1.000000
vn 0.000000 0.000000 -1.000000
vn 0.000000 0.000000 -1.000000
vn 0.000000 0.000000 -1.000000
vn 0.000000 0.000000 -1.000000
vn 0.000000 0.000000 -1.000000
vn 0.000000 0.000000 -1.000000
vn 0.000000 -0.000000 -1.000000
vn 0.000000 -0.000000 -1.000000
vn 0.000000 -0.000000 -1.000000
vn 0.000000 -0.000000 -1.000000
vn 0.000000 -0.000000 -1.000000
vn 0.000000 0.000000 -1.000000
vn 0.000000 0.000000 -1.000000
vn 0.000000 0.000000 -1.000000
vn 0.000000 -0.000000 -1.000000
vn 0.000000 0.000000 -1.000000
vn 0.000000 0.000000 -1.000000
vn 0.000000 0.000000 -1.000000
vn 0.000000 0.000000 -1.000000
vn 0.000000 0.000000 -1.000000
vn 0.000000 -0.000000 -1.000000
vn 0.000000 -0.000000 -1.000000
vn 0.000000 0.000000 -1.000000
vn 0.000000 0.000000 -1.000000
vn 0.000000 -0.000000 -1.000000
vn 0.000000 0.000000 -1.000000
vn 0.000000 0.000000 -1.000000
vn 0.000000 0.000000 -1.000000
vn 0.000000 -0.000000 -1.000000
vn 0.000000 0.000000 -1.000000
vn 0.000000 0.000000 -1.000000
vn 0.000000 0.000000 -1.000000
vn 0.000000 0.000000 -1.000000
vn 0.000000 0.000000 -1.000000
vn 0.000000 0.000000 -1.000000
vn 0.000000 0.000000 -1.000000
vn 0.000000 0.000000 -1.000000
vn 0.000000 0.000000 -1.000000
vn 0.000000 -0.000000 -1.000000
vn 0.000000 0.000000 -1.000000
vn 0.000000 0.000000 -1.000000
vn 0.000000 0.000000 -1.000000
vn 0.000000 -0.000000 -1.000000
vn 0.000000 -0.000000 -1.000000
vn 0.000000 0.000000 -1.000000
vn 0.000000 0.000000 -1.000000
vn 0.000000 0.000000 -1.000000
vn 0.000000 0.000000 -1.000000
vn 0.000000 0.000000 -1.000000
vn 0.000000 0.000000 -1.000000
vn 0.000000 0.000000 -1.000000
vn 0.000000 0.000000 -1.000000
vn 0.000000 0.000000 -1.000000
vn 0.000000 0.000000 -1.000000
vn 0.000000 0.000000 -1.000000
vn -0.000000 -0.000000 -1.000000
vn -0.000000 -0.000000 -1.000000
vn -0.000000 -0.000000 -1.000000
vn -0.000000 -0.000000 -1.000000
vn 0.000000 -0.000000 -1.000000
vn 0.000000 -0.000000 -1.000000
vn 0.000000 -0.000000 -1.000000
vn 0.000000 0.000000 -1.000000
vn -0.000000 -0.000000 -1.000000
vn 0.000000 0.000000 -1.000000
vn 0.000000 0.000000 -1.000000
vn 0.000000 0.000000 -1.000000
vn 0.000000 0.000000 -1.000000
vn 0.000000 0.000000 -1.000000
vn 0.000000 0.000000 -1.000000
vn 0.000000 0.000000 -1.000000
vn 0.000000 0.000000 -1.000000
vn 0.000000 0.000000 -1.000000
vn 0.000000 0.000000 -1.000000
vn 0.000000 0.000000 -1.000000
vn 0.000000 0.000000 -1.000000
vn 0.000000 0.000000 -1.000000
vn 0.000000 0.000000 -1.000000
vn 0.000000 0.000000 -1.000000
vn -0.000000 -0.000000 -1.000000
vn 0.000000 0.000000 -1.000000
vn 0.000000 0.000000 -1.000000
vn -0.000000 -0.000000 -1.000000
vn -0.000000 -0.000000 -1.000000
vn -0.000000 -0.000000 -1.000000
vn 0.000000 0.000000 -1.000000
vn 0.000000 0.000000 -1.000000
vn 0.000000 0.000000 -1.000000
vn 0.000000 -0.000000 -1.000000
vn 0.000000 -0.000000 -1.000000
vn 0.000000 0.000000 -1.000000
vn 0.000000 0.000000 -1.000000
vn 0.000000 0.000000 -1.000000
vn 0.000000 0.000000 -1.000000
vn 0.000000 0.000000 -1.000000
vn 0.000000 0.000000 -1.000000
vn 0.000000 -0.000000 -1.000000
vn -0.000000 -0.000000 -1.000000
vn -0.000000 -0.000000 -1.000000
vn -0.000000 -0.000000 -1.000000
vn 0.000000 -0.000000 -1.000000
vn 0.000000 0.000000 -1.000000
vn 0.000000 -0.000000 -1.000000
vn 0.000000 -0.000000 -1.000000
vn 0.000000 -0.000000 -1.000000
vn 0.000000 -0.000000 -1.000000
vn 0.000000 -0.000000 -1.000000
vn 0.000000 -0.000000 -1.000000
vn 0.000000 -0.000000 -1.000000
vn 0.000000 0.000000 -1.000000
vn -0.000000 -0.000000 -1.000000
vn -0.000000 -0.000000 -1.000000
vn 0.000000 -0.000000 -1.000000
vn 0.000000 -0.000000 -1.000000
vn 0.000000 -0.000000 -1.000000
vn 0.000000 -0.000000 -1.000000
vn -0.000000 -0.000000 -1.000000
vn 0.000000 0.000000 1.000000
vn 0.000000 0.000000 1.000000
vn 0.000000 0.000000 1.000000
vn 0.000000 0.000000 1.000000
vn 0.000000 0.000000 1.000000
vn 0.000000 0.000000 1.000000
vn 0.000000 0.000000 1.000000
vn 0.000000 0.000000 1.000000
vn 0.000000 0.000000 1.000000
vn 0.000000 0.000000 1.000000
vn 0.000000 0.000000 1.000000
vn 0.000000 0.000000 1.000000
vn 0.000000 0.000000 1.000000
vn 0.000000 0.000000 1.000000
vn 0.000000 0.000000 1.000000
vn 0.000000 0.000000 1.000000
vn 0.000000 0.000000 1.000000
vn 0.000000 0.000000 1.000000
vn 0.000000 0.000000 1.000000
vn 0.000000 0.000000 1.000000
vn 0.000000 0.000000 1.000000
vn 0.000000 0.000000 1.000000
vn 0.000000 0.000000 1.000000
vn 0.000000 0.000000 1.000000
vn 0.000000 0.000000 1.000000
vn 0.000000 0.000000 1.000000
vn 0.000000 0.000000 1.000000
vn 0.000000 0.000000 1.000000
vn 0.000000 0.000000 1.000000
vn 0.000000 0.000000 1.000000
vn 0.000000 0.000000 1.000000
vn 0.000000 0.000000 1.000000
vn 0.000000 0.000000 1.000000
vn 0.000000 0.000000 1.000000
vn 0.000000 0.000000 1.000000
vn 0.000000 0.000000 1.000000
vn 0.000000 0.000000 1.000000
vn 0.000000 0.000000 1.000000
vn 0.000000 0.000000 1.000000
vn 0.000000 0.000000 1.000000
vn 0.000000 0.000000 1.000000
vn 0.000000 0.000000 1.000000
vn 0.000000 0.000000 1.000000
vn 0.000000 0.000000 1.000000
vn 0.000000 0.000000 1.000000
vn 0.000000 0.000000 1.000000
vn 0.000000 0.000000 1.000000
vn 0.000000 0.000000 1.000000
vn 0.000000 0.000000 1.000000
vn 0.000000 0.000000 1.000000
vn 0.000000 0.000000 1.000000
vn 0.000000 0.000000 1.000000
vn 0.000000 0.000000 1.000000
vn 0.000000 0.000000 1.000000
vn 0.000000 0.000000 1.000000
vn 0.000000 0.000000 1.000000
vn 0.000000 0.000000 1.000000
vn 0.000000 0.000000 1.000000
vn 0.000000 0.000000 1.000000
vn 0.000000 0.000000 1.000000
vn 0.000000 0.000000 1.000000
vn 0.000000 0.000000 1.000000
vn 0.000000 0.000000 1.000000
vn 0.000000 0.000000 1.000000
vn 0.000000 0.000000 1.000000
vn 0.000000 0.000000 1.000000
vn 0.000000 0.000000 1.000000
vn 0.000000 0.000000 1.000000
vn 0.000000 0.000000 1.000000
vn 0.000000 0.000000 1.000000
vn 0.000000 0.000000 1.000000
vn 0.000000 0.000000 1.000000
vn 0.000000 0.000000 1.000000
vn 0.000000 0.000000 1.000000
vn 0.000000 0.000000 1.000000
vn 0.000000 0.000000 1.000000
vn 0.000000 0.000000 1.000000
vn 0.000000 0.000000 1.000000
vn 0.000000 0.000000 1.000000
vn 0.000000 0.000000 1.000000
vn 0.000000 0.000000 1.000000
vn 0.000000 0.000000 1.000000
vn 0.000000 0.000000 1.000000
vn 0.000000 0.000000 1.000000
vn 0.000000 0.000000 1.000000
vn 0.000000 0.000000 1.000000
vn 0.000000 0.000000 1.000000
vn 0.000000 0.000000 1.000000
vn 0.000000 0.000000 1.000000
vn 0.000000 0.000000 1.000000
vn 0.000000 0.000000 1.000000
vn 0.000000 0.000000 1.000000
vn 0.000000 0.000000 1.000000
vn 0.000000 0.000000 1.000000
vn 0.000000 0.000000 1.000000
vn 0.000000 0.000000 1.000000
vn 0.000000 0.000000 1.000000
vn 0.000000 0.000000 1.000000
vn 0.000000 0.000000 1.000000
vn 0.000000 0.000000 1.000000
vn 0.000000 0.000000 1.000000
vn 0.000000 0.000000 1.000000
vn 0.000000 0.000000 1.000000
vn 0.000000 0.000000 1.000000
vn 0.000000 0.000000 1.000000
vn 0.000000 0.000000 1.000000
vn 0.000000 0.000000 1.000000
vn 0.000000 0.000000 1.000000
vn 0.000000 0.000000 1.000000
vn 0.000000 0.000000 1.000000
vn 0.000000 0.000000 1.000000
vn 0.000000 0.000000 1.000000
vn 0.000000 0.000000 1.000000
vn 0.000000 0.000000 1.000000
vn 0.000000 0.000000 1.000000
vn 0.000000 0.000000 1.000000
vn 0.000000 0.000000 1.000000
vn 0.000000 0.000000 1.000000
vn 0.000000 0.000000 1.000000
vn 0.000000 0.000000 1.000000
vn 0.000000 0.000000 1.000000
vn 0.000000 0.000000 1.000000
vn 0.000000 0.000000 1.000000
vn 0.000000 0.000000 1.000000
vn 0.000000 1.000000 0.000000
vn 0.000000 1.000000 0.000000
vn -1.000000 0.000000 0.000000
vn -1.000000 0.000000 0.000000
vn 0.000000 0.000000 -1.000000
vn 0.000000 0.000000 -1.000000
vn 0.000000 0.000000 -1.000000
vn 0.000000 0.000000 -1.000000
vn 0.000000 -0.000000 -1.000000
vn 0.000000 0.000000 -1.000000
vn 0.000000 0.000000 -1.000000
vn 0.000000 0.000000 -1.000000
vn 0.000000 0.000000 -1.000000
vn 0.000000 0.000000 -1.000000
vn 0.000000 0.000000 -1.000000
vn 0.000000 0.000000 -1.000000
vn 0.000000 0.000000 -1.000000
vn 0.000000 0.000000 -1.000000
vn 0.000000 -0.000000 -1.000000
vn 0.000000 0.000000 -1.000000
vn 0.000000 0.000000 -1.000000
vn 0.000000 0.000000 -1.000000
vn 0.000000 0.000000 -1.000000
vn 0.000000 0.000000 -1.000000
vn 0.000000 0.000000 -1.000000
vn 0.000000 0.000000 -1.000000
vn 0.000000 0.000000 -1.000000
vn 0.000000 0.000000 -1.000000
vn 0.000000 -0.000000 -1.000000
vn 0.000000 -0.000000 -1.000000
vn 0.000000 0.000000 -1.000000
vn 0.000000 -0.000000 -1.000000
vn 0.000000 -0.000000 -1.000000
vn 0.000000 -0.000000 -1.000000
vn 0.000000 -0.000000 -1.000000
vn 0.000000 -0.000000 -1.000000
vn 0.000000 -0.000000 -1.000000
vn 0.000000 0.000000 -1.000000
vn 0.000000 -0.000000 -1.000000
vn 0.000000 -0.000000 -1.000000
vn 0.000000 -0.000000 -1.000000
vn 0.000000 -0.000000 -1.000000
vn 0.000000 -0.000000 -1.000000
vn 0.000000 -0.000000 -1.000000
vn 0.000000 0.000000 -1.000000
vn 0.000000 0.000000 -1.000000
vn 0.000000 0.000000 -1.000000
vn 0.000000 -0.000000 -1.000000
vn 0.000000 0.000000 -1.000000
vn 0.000000 -0.000000 -1.000000
vn 0.000000 -0.000000 -1.000000
vn 0.000000 -0.000000 -1.000000
vn 0.000000 0.000000 -1.000000
vn 0.000000 -0.000000 -1.000000
vn 0.000000 -0.000000 -1.000000
vn 0.000000 0.000000 -1.000000
vn 0.000000 0.000000 -1.000000
vn 0.000000 0.000000 -1.000000
vn 0.000000 0.000000 -1.000000
vn 0.000000 -0.000000 -1.000000
vn 0.000000 0.000000 -1.000000
vn 0.000000 0.000000 -1.000000
vn 0.000000 0.000000 -1.000000
vn 0.000000 0.000000 -1.000000
vn 0.000000 0.000000 -1.000000
vn 0.000000 0.000000 -1.000000
vn 0.000000 0.000000 -1.000000
vn 0.000000 0.000000 -1.000000
vn 0.000000 -0.000000 -1.000000
vn 0.000000 0.000000 -1.000000
vn 0.000000 0.000000 -1.000000
vn 0.000000 0.000000 -1.000000
vn 0.000000 0.000000 -1.000000
vn 0.000000 0.000000 -1.000000
vn 0.000000 0.000000 -1.000000
vn 0.000000 0.000000 -1.000000
vn 0.000000 0.000000 -1.000000
vn 0.000000 0.000000 -1.000000
vn 0.000000 -0.000000 -1.000000
vn 0.000000 0.000000 -1.000000
vn 0.000000 0.000000 -1.000000
vn 0.000000 0.000000 -1.000000
vn 0.000000 0.000000 -1.000000
vn 0.000000 0.000000 -1.000000
vn 0.000000 0.000000 -1.000000
vn 0.000000 0.000000 -1.000000
vn 0.000000 0.000000 -1.000000
vn 0.000000 0.000000 -1.000000
vn 0.000000 0.000000 -1.000000
vn 0.000000 0.000000 -1.000000
vn 0.000000 0.000000 -1.000000
vn 0.000000 0.000000 -1.000000
vn 0.000000 0.000000 -1.000000
vn 0.000000 0.000000 -1.000000
vn 0.000000 0.000000 -1.000000
vn 0.000000 0.000000 -1.000000
vn 0.000000 0.000000 -1.000000
vn 0.000000 0.000000 -1.000000
vn 0.000000 0.000000 -1.000000
vn 0.000000 0.000000 -1.000000
vn 0.000000 0.000000 -1.000000
vn 0.000000 0.000000 -1.000000
vn 0.000000 0.000000 -1.000000
vn 0.000000 0.000000 -1.000000
vn 0.000000 0.000000 -1.000000
vn 0.000000 0.000000 -1.000000
vn 0.000000 0.000000 -1.000000
vn 0.000000 0.000000 -1.000000
vn 0.000000 0.000000 -1.000000
vn 0.000000 0.000000 -1.000000
vn 0.000000 0.000000 -1.000000
vn 0.000000 0.000000 -1.000000
vn 0.000000 -1.000000 0.000000
vn 0.000000 -1.000000 0.000000
vn -0.999689 -0.024919 -0.000000
vn -0.999689 -0.024919 0.000000
vn -0.997204 -0.074730 0.000000
vn -0.992238 -0.124350 0.000000
vn -0.997204 -0.074730 -0.000000
vn -0.992238 -0.124350 -0.000000
vn -0.984807 -0.173655 0.000000
vn -0.974930 -0.222510 0.000000
vn -0.984807 -0.173655 -0.000000
vn -0.962623 -0.270845 0.000000
vn -0.974930 -0.222510 -0.000000
vn -0.962623 -0.270845 0.000000
vn -0.947928 -0.318484 -0.000000
vn -0.947928 -0.318484 -0.000000
vn -0.930873 -0.365343 0.000000
vn -0.911505 -0.411288 0.000000
vn -0.930873 -0.365343 -0.000000
vn -0.911505 -0.411288 -0.000000
vn -0.889873 -0.456209 0.000000
vn -0.889873 -0.456209 -0.000000
vn -0.866022 -0.500006 -0.000000
vn -0.866022 -0.500006 -0.000000
vn -0.840030 -0.542540 -0.000000
vn -0.840030 -0.542540 0.000000
vn -0.811939 -0.583742 -0.000000
vn -0.811939 -0.583742 0.000000
vn -0.781828 -0.623494 -0.000000
vn -0.781828 -0.623494 -0.000000
vn -0.749783 -0.661683 -0.000000
vn -0.749783 -0.661683 0.000000
vn -0.715865 -0.698239 -0.000000
vn -0.715865 -0.698239 -0.000000
vn -0.680173 -0.733051 -0.000000
vn -0.680173 -0.733051 0.000000
vn -0.642788 -0.766044 -0.000000
vn -0.642788 -0.766044 -0.000000
vn -0.603802 -0.797134 -0.000000
vn -0.603802 -0.797134 0.000000
vn -0.563319 -0.826239 -0.000000
vn -0.563319 -0.826239 0.000000
vn -0.521437 -0.853290 -0.000000
vn -0.521437 -0.853290 -0.000000
vn -0.478254 -0.878222 -0.000000
vn -0.478254 -0.878222 0.000000
vn -0.433884 -0.900969 0.000000
vn -0.433884 -0.900969 0.000000
vn -0.388436 -0.921476 0.000000
vn -0.342018 -0.939694 0.000000
vn -0.388436 -0.921476 -0.000000
vn -0.342018 -0.939694 -0.000000
vn -0.294758 -0.955572 -0.000000
vn -0.294758 -0.955572 -0.000000
vn -0.246756 -0.969078 -0.000000
vn -0.198149 -0.980172 0.000000
vn -0.246756 -0.969078 -0.000000
vn -0.198149 -0.980172 -0.000000
vn -0.149040 -0.988831 -0.000000
vn -0.149040 -0.988831 -0.000000
vn -0.099567 -0.995031 0.000000
vn -0.049847 -0.998757 0.000000
vn -0.099567 -0.995031 -0.000000
vn -0.049847 -0.998757 0.000000
vn 0.000000 -1.000000 0.000000
vn 0.049847 -0.998757 0.000000
vn -0.000000 -1.000000 -0.000000
vn 0.049847 -0.998757 -0.000000
vn 0.099567 -0.995031 -0.000000
vn 0.149040 -0.988831 0.000000
vn 0.099567 -0.995031 0.000000
vn 0.149040 -0.988831 0.000000
vn 0.198149 -0.980172 0.000000
vn 0.198149 -0.980172 0.000000
vn 0.246756 -0.969078 0.000000
vn 0.246756 -0.969078 0.000000
vn 0.294758 -0.955572 0.000000
vn 0.294758 -0.955572 0.000000
vn 0.342018 -0.939694 0.000000
vn 0.342018 -0.939694 0.000000
vn 0.388436 -0.921476 0.000000
vn 0.388436 -0.921476 -0.000000
vn 0.433884 -0.900969 0.000000
vn 0.433884 -0.900969 -0.000000
vn 0.478254 -0.878222 0.000000
vn 0.478254 -0.878222 -0.000000
vn 0.521437 -0.853290 0.000000
vn 0.521437 -0.853290 0.000000
vn 0.563319 -0.826239 0.000000
vn 0.563319 -0.826239 -0.000000
vn 0.603802 -0.797134 0.000000
vn 0.603802 -0.797134 -0.000000
vn 0.642788 -0.766044 0.000000
vn 0.642788 -0.766044 0.000000
vn 0.680173 -0.733051 0.000000
vn 0.680173 -0.733051 -0.000000
vn 0.715865 -0.698239 0.000000
vn 0.715865 -0.698239 0.000000
vn 0.749783 -0.661683 0.000000
vn 0.749783 -0.661683 -0.000000
vn 0.781828 -0.623494 0.000000
vn 0.781828 -0.623494 0.000000
vn 0.811939 -0.583742 0.000000
vn 0.811939 -0.583742 -0.000000
vn 0.840030 -0.542540 0.000000
vn 0.840030 -0.542540 -0.000000
vn 0.866022 -0.500006 0.000000
vn 0.866022 -0.500006 0.000000
vn 0.889873 -0.456209 0.000000
vn 0.889873 -0.456209 -0.000000
vn 0.911505 -0.411288 0.000000
vn 0.911505 -0.411288 0.000000
vn 0.930873 -0.365343 0.000000
vn 0.930873 -0.365343 -0.000000
vn 0.947928 -0.318484 0.000000
vn 0.962623 -0.270845 0.000000
vn 0.947928 -0.318484 0.000000
vn 0.962623 -0.270845 -0.000000
vn 0.974930 -0.222510 0.000000
vn 0.984807 -0.173655 0.000000
vn 0.974930 -0.222510 0.000000
vn 0.992238 -0.124350 0.000000
vn 0.984807 -0.173655 -0.000000
vn 0.992238 -0.124350 0.000000
vn 0.997204 -0.074730 0.000000
vn 0.997204 -0.074730 -0.000000
vn 0.999689 -0.024919 0.000000
vn 0.999689 -0.024919 -0.000000
vn 0.999689 0.024919 0.000000
vn 0.999689 0.024919 0.000000
vn 0.997204 0.074730 0.000000
vn 0.997204 0.074730 0.000000
vn 0.992238 0.124350 0.000000
vn 0.992238 0.124350 -0.000000
vn 0.984807 0.173655 0.000000
vn 0.984807 0.173655 0.000000
vn 0.974930 0.222510 0.000000
vn 0.974930 0.222510 -0.000000
vn 0.962623 0.270845 0.000000
vn 0.962623 0.270845 0.000000
vn 0.947928 0.318484 0.000000
vn 0.947928 0.318484 -0.000000
vn 0.930873 0.365343 0.000000
vn 0.930873 0.365343 0.000000
vn 0.911505 0.411288 0.000000
vn 0.911505 0.411288 -0.000000
vn 0.889873 0.456209 0.000000
vn 0.889873 0.456209 0.000000
vn 0.866022 0.500006 0.000000
vn 0.866022 0.500006 -0.000000
vn 0.840030 0.542540 0.000000
vn 0.840030 0.542540 0.000000
vn 0.811939 0.583742 0.000000
vn 0.811939 0.583742 0.000000
vn 0.781828 0.623494 -0.000000
vn 0.781828 0.623494 0.000000
vn 0.749783 0.661683 0.000000
vn 0.749783 0.661683 0.000000
vn 0.715865 0.698239 -0.000000
vn 0.715865 0.698239 0.000000
vn 0.680173 0.733051 0.000000
vn 0.680173 0.733051 0.000000
vn 0.642788 0.766044 -0.000000
vn 0.603802 0.797134 -0.000000
vn 0.642788 0.766044 0.000000
vn 0.603802 0.797134 0.000000
vn 0.563319 0.826239 0.000000
vn 0.563319 0.826239 0.000000
vn 0.521437 0.853290 -0.000000
vn 0.478254 0.878222 -0.000000
vn 0.521437 0.853290 0.000000
vn 0.433884 0.900969 -0.000000
vn 0.478254 0.878222 0.000000
vn 0.433884 0.900969 0.000000
vn 0.388436 0.921476 0.000000
vn 0.388436 0.921476 0.000000
vn 0.342018 0.939694 0.000000
vn 0.342018 0.939694 -0.000000
vn 0.294758 0.955572 0.000000
vn 0.294758 0.955572 -0.000000
vn 0.246756 0.969078 0.000000
vn 0.246756 0.969078 -0.000000
vn 0.198149 0.980172 0.000000
vn 0.198149 0.980172 -0.000000
vn 0.149040 0.988831 -0.000000
vn 0.099567 0.995031 -0.000000
vn 0.149040 0.988831 0.000000
vn 0.049847 0.998757 -0.000000
vn 0.099567 0.995031 0.000000
vn 0.049847 0.998757 0.000000
vn 0.000000 1.000000 0.000000
vn -0.000000 1.000000 0.000000
vn -0.049847 0.998757 -0.000000
vn -0.049847 0.998757 0.000000
vn -0.099567 0.995031 -0.000000
vn -0.099567 0.995031 0.000000
vn -0.149040 0.988831 0.000000
vn -0.198149 0.980172 0.000000
vn -0.149040 0.988831 0.000000
vn -0.198149 0.980172 0.000000
vn -0.246756 0.969078 0.000000
vn -0.246756 0.969078 0.000000
vn -0.294758 0.955572 0.000000
vn -0.294758 0.955572 0.000000
vn -0.342018 0.939694 0.000000
vn -0.342018 0.939694 0.000000
vn -0.388436 0.921476 -0.000000
vn -0.388436 0.921476 0.000000
vn -0.433884 0.900969 -0.000000
vn -0.433884 0.900969 0.000000
vn -0.478254 0.878222 -0.000000
vn -0.478254 0.878222 0.000000
vn -0.521437 0.853290 0.000000
vn -0.521437 0.853290 0.000000
vn -0.563319 0.826239 -0.000000
vn -0.603802 0.797134 0.000000
vn -0.563319 0.826239 0.000000
vn -0.603802 0.797134 -0.000000
vn -0.642788 0.766044 0.000000
vn -0.680173 0.733051 0.000000
vn -0.642788 0.766044 0.000000
vn -0.680173 0.733051 -0.000000
vn -0.715865 0.698239 0.000000
vn -0.715865 0.698239 0.000000
vn -0.749783 0.661683 0.000000
vn -0.749783 0.661683 -0.000000
vn -0.781828 0.623494 0.000000
vn -0.781828 0.623494 0.000000
vn -0.811939 0.583742 0.000000
vn -0.811939 0.583742 -0.000000
vn -0.840030 0.542540 0.000000
vn -0.840030 0.542540 -0.000000
vn -0.866022 0.500006 0.000000
vn -0.866022 0.500006 0.000000
vn -0.889873 0.456209 0.000000
vn -0.889873 0.456209 -0.000000
vn -0.911505 0.411288 0.000000
vn -0.911505 0.411288 0.000000
vn -0.930873 0.365343 0.000000
vn -0.930873 0.365343 -0.000000
vn -0.947928 0.318484 0.000000
vn -0.947928 0.318484 0.000000
vn -0.962623 0.270845 0.000000
vn -0.962623 0.270845 -0.000000
vn -0.974930 0.222510 0.000000
vn -0.974930 0.222510 0.000000
vn -0.984807 0.173655 0.000000
vn -0.984807 0.173655 -0.000000
vn -0.992238 0.124350 0.000000
vn -0.992238 0.124350 0.000000
vn -0.997204 0.074730 0.000000
vn -0.997204 0.074730 -0.000000
vn -0.999689 0.024919 -0.000000
vn -0.999689 0.024919 0.000000
vn 0.000000 0.000000 1.000000
vn 0.000000 0.000000 1.000000
vn 0.000000 0.000000 1.000000
vn 0.000000 0.000000 1.000000
vn 0.000000 0.000000 1.000000
vn 0.000000 0.000000 1.000000
vn 0.000000 0.000000 1.000000
vn 0.000000 0.000000 1.000000
vn 0.000000 0.000000 1.000000
vn 0.000000 0.000000 1.000000
vn 0.000000 0.000000 1.000000
vn 0.000000 0.000000 1.000000
vn 0.000000 0.000000 1.000000
vn 0.000000 0.000000 1.000000
vn 0.000000 0.000000 1.000000
vn 0.000000 0.000000 1.000000
vn 0.000000 0.000000 1.000000
vn 0.000000 0.000000 1.000000
vn 0.000000 0.000000 1.000000
vn 0.000000 0.000000 1.000000
vn 0.000000 0.000000 1.000000
vn 0.000000 0.000000 1.000000
vn 0.000000 0.000000 1.000000
vn 0.000000 0.000000 1.000000
vn 0.000000 0.000000 1.000000
vn 0.000000 0.000000 1.000000
vn 0.000000 0.000000 1.000000
vn 0.000000 0.000000 1.000000
vn 0.000000 0.000000 1.000000
vn 0.000000 0.000000 1.000000
vn 0.000000 0.000000 1.000000
vn 0.000000 0.000000 1.000000
vn 0.000000 0.000000 1.000000
vn 0.000000 0.000000 1.000000
vn 0.000000 0.000000 1.000000
vn 0.000000 0.000000 1.000000
vn 0.000000 0.000000 1.000000
vn 0.000000 0.000000 1.000000
vn 0.000000 0.000000 1.000000
vn 0.000000 0.000000 1.000000
vn 0.000000 0.000000 1.000000
vn 0.000000 0.000000 1.000000
vn 0.000000 0.000000 1.000000
vn 0.000000 0.000000 1.000000
vn 0.000000 0.000000 1.000000
vn 0.000000 0.000000 1.000000
vn 0.000000 0.000000 1.000000
vn 0.000000 0.000000 1.000000
vn 0.000000 0.000000 1.000000
vn 0.000000 0.000000 1.000000
vn 0.000000 0.000000 1.000000
vn 0.000000 0.000000 1.000000
vn 0.000000 0.000000 1.000000
vn 0.000000 0.000000 1.000000
vn 0.000000 0.000000 1.000000
vn 0.000000 0.000000 1.000000
vn 0.000000 0.000000 1.000000
vn 0.000000 0.000000 1.000000
vn 0.000000 0.000000 1.000000
vn 0.000000 0.000000 1.000000
vn 0.000000 0.000000 1.000000
vn 0.000000 0.000000 1.000000
vn 0.000000 0.000000 1.000000
vn 0.000000 0.000000 1.000000
vn 0.000000 0.000000 1.000000
vn 0.000000 0.000000 1.000000
vn 0.000000 0.000000 1.000000
vn 0.000000 0.000000 1.000000
vn 0.000000 0.000000 1.000000
vn 0.000000 0.000000 1.000000
vn 0.000000 0.000000 1.000000
vn 0.000000 0.000000 1.000000
vn 0.000000 0.000000 1.000000
vn 0.000000 0.000000 1.000000
vn 0.000000 0.000000 1.000000
vn 0.000000 0.000000 1.000000
vn 0.000000 0.000000 1.000000
vn 0.000000 0.000000 1.000000
vn 0.000000 0.000000 1.000000
vn 0.000000 0.000000 1.000000
vn 0.000000 0.000000 1.000000
vn 0.000000 0.000000 1.000000
vn 0.000000 0.000000 1.000000
vn 0.000000 0.000000 1.000000
vn 0.000000 0.000000 1.000000
vn 0.000000 0.000000 1.000000
vn 0.000000 0.000000 1.000000
vn 0.000000 0.000000 1.000000
vn 0.000000 0.000000 1.000000
vn 0.000000 0.000000 1.000000
vn 0.000000 0.000000 1.000000
vn 0.000000 0.000000 1.000000
vn 0.000000 0.000000 1.000000
vn 0.000000 0.000000 1.000000
vn 0.000000 0.000000 1.000000
vn 0.000000 0.000000 1.000000
vn 0.000000 0.000000 1.000000
vn 0.000000 0.000000 1.000000
vn 0.000000 0.000000 1.000000
vn 0.000000 0.000000 1.000000
vn 0.000000 0.000000 1.000000
vn 0.000000 0.000000 1.000000
vn 0.000000 0.000000 1.000000
vn 0.000000 0.000000 1.000000
vn 0.000000 0.000000 1.000000
vn 0.000000 0.000000 1.000000
vn 0.000000 0.000000 1.000000
vn 0.000000 0.000000 1.000000
vn 0.682347 0.731028 -0.000000
vn 0.682347 0.731028 0.000000
vn 0.646142 0.763217 0.000000
vn 0.646142 0.763217 0.000000
vn 0.608422 0.793614 0.000000
vn 0.608422 0.793614 0.000000
vn 0.569271 0.822150 0.000000
vn 0.569271 0.822150 0.000000
vn 0.528787 0.848755 0.000000
vn 0.528787 0.848755 -0.000000
vn 0.487061 0.873368 0.000000
vn 0.487061 0.873368 0.000000
vn 0.444190 0.895933 0.000000
vn 0.444190 0.895933 -0.000000
vn 0.400281 0.916393 0.000000
vn 0.400281 0.916393 0.000000
vn 0.355428 0.934704 -0.000000
vn 0.355428 0.934704 0.000000
vn 0.309742 0.950821 -0.000000
vn 0.309742 0.950821 0.000000
vn 0.263330 0.964706 0.000000
vn 0.263330 0.964706 0.000000
vn 0.216300 0.976327 0.000000
vn 0.216300 0.976327 0.000000
vn 0.168762 0.985657 -0.000000
vn 0.168762 0.985657 0.000000
vn 0.120828 0.992674 0.000000
vn 0.120828 0.992674 0.000000
vn 0.072611 0.997360 0.000000
vn 0.072611 0.997360 0.000000
vn 0.024222 0.999707 -0.000000
vn 0.024222 0.999707 0.000000
vn -0.024222 0.999707 0.000000
vn -0.024222 0.999707 0.000000
vn -0.072611 0.997360 -0.000000
vn -0.072611 0.997360 0.000000
vn -0.120828 0.992674 0.000000
vn -0.120828 0.992674 0.000000
vn -0.168762 0.985657 0.000000
vn -0.168762 0.985657 0.000000
vn -0.216300 0.976327 0.000000
vn -0.216300 0.976327 0.000000
vn -0.263330 0.964706 0.000000
vn -0.309742 0.950821 0.000000
vn -0.263330 0.964706 -0.000000
vn -0.355428 0.934704 0.000000
vn -0.309742 0.950821 0.000000
vn -0.400281 0.916393 0.000000
vn -0.355428 0.934704 0.000000
vn -0.400281 0.916393 0.000000
vn -0.444190 0.895933 0.000000
vn -0.444190 0.895933 0.000000
vn -0.487061 0.873368 0.000000
vn -0.487061 0.873368 -0.000000
vn -0.528787 0.848755 0.000000
vn -0.528787 0.848755 0.000000
vn -0.569271 0.822150 0.000000
vn -0.569271 0.822150 -0.000000
vn -0.608422 0.793614 0.000000
vn -0.608422 0.793614 -0.000000
vn -0.646142 0.763217 0.000000
vn -0.646142 0.763217 -0.000000
vn -0.682347 0.731028 0.000000
vn -0.682347 0.731028 0.000000
vn 0.000000 -0.000000 -1.000000
vn 0.000000 0.000000 -1.000000
vn 0.000000 -0.000000 -1.000000
vn 0.000000 0.000000 -1.000000
vn 0.000000 -0.000000 -1.000000
vn 0.000000 -0.000000 -1.000000
vn 0.000000 0.000000 -1.000000
vn 0.000000 -0.000000 -1.000000
vn 0.000000 -0.000000 -1.000000
vn 0.000000 0.000000 -1.000000
vn 0.000000 -0.000000 -1.000000
vn 0.000000 0.000000 -1.000000
vn 0.000000 -0.000000 -1.000000
vn 0.000000 -0.000000 -1.000000
vn 0.000000 0.000000 -1.000000
vn 0.000000 -0.000000 -1.000000
vn 0.000000 -0.000000 -1.000000
vn 0.000000 0.000000 -1.000000
vn 0.000000 -0.000000 -1.000000
vn 0.000000 0.000000 -1.000000
vn 0.000000 -0.000000 -1.000000
vn 0.000000 -0.000000 -1.000000
vn 0.000000 0.000000 -1.000000
vn 0.000000 -0.000000 -1.000000
vn 0.000000 0.000000 -1.000000
vn 0.000000 -0.000000 -1.000000
vn 0.000000 -0.000000 -1.000000
vn 0.000000 -0.000000 -1.000000
vn 0.000000 0.000000 -1.000000
vn 0.000000 -0.000000 -1.000000
vn 0.000000 0.000000 -1.000000
vn 0.000000 -0.000000 -1.000000
vn 0.000000 -0.000000 -1.000000
vn 0.000000 0.000000 -1.000000
vn 0.000000 -0.000000 -1.000000
vn 0.000000 -0.000000 -1.000000
vn 0.000000 0.000000 -1.000000
vn 0.000000 -0.000000 -1.000000
vn 0.000000 -0.000000 -1.000000
vn 0.000000 0.000000 -1.000000
vn 0.000000 -0.000000 -1.000000
vn 0.000000 0.000000 -1.000000
vn 0.000000 -0.000000 -1.000000
vn 0.000000 -0.000000 -1.000000
vn 0.000000 0.000000 -1.000000
vn 0.000000 -0.000000 -1.000000
vn 0.000000 0.000000 -1.000000
vn 0.000000 0.000000 -1.000000
vn 0.000000 -0.000000 -1.000000
vn 0.000000 -0.000000 -1.000000
vn 0.000000 0.000000 -1.000000
vn 0.000000 -0.000000 -1.000000
vn 0.000000 0.000000 -1.000000
vn 0.000000 -0.000000 -1.000000
vn 0.000000 -0.000000 -1.000000
vn 0.000000 0.000000 -1.000000
vn 0.000000 0.000000 -1.000000
vn 0.000000 -0.000000 -1.000000
vn 0.000000 -0.000000 -1.000000
vn 0.000000 0.000000 -1.000000
vn 0.000000 -0.000000 -1.000000
vn 0.000000 0.000000 -1.000000
vn 0.000000 0.000000 -1.000000
vn 0.000000 0.000000 -1.000000
vn 0.000000 0.000000 -1.000000
vn 0.000000 0.000000 -1.000000
vn 0.000000 0.000000 -1.000000
vn 0.000000 0.000000 -1.000000
vn 0.000000 0.000000 -1.000000
vn 0.000000 0.000000 -1.000000
vn 0.000000 0.000000 -1.000000
vn 0.000000 0.000000 -1.000000
vn 0.000000 0.000000 -1.000000
vn 0.000000 0.000000 -1.000000
vn 0.000000 0.000000 -1.000000
vn 0.000000 0.000000 -1.000000
vn 0.000000 0.000000 -1.000000
vn 0.000000 0.000000 -1.000000
vn 0.000000 0.000000 -1.000000
vn 0.000000 0.000000 -1.000000
vn 0.000000 0.000000 -1.000000
vn 0.000000 0.000000 -1.000000
vn 0.000000 0.000000 -1.000000
vn 0.000000 0.000000 -1.000000
vn 0.000000 0.000000 -1.000000
vn 0.000000 0.000000 -1.000000
vn 0.000000 0.000000 -1.000000
vn 0.000000 0.000000 -1.000000
vn 0.000000 0.000000 -1.000000
vn 0.000000 0.000000 -1.000000
vn 0.000000 0.000000 -1.000000
vn 0.000000 0.000000 -1.000000
vn 0.000000 0.000000 -1.000000
vn 0.000000 0.000000 -1.000000
vn 0.000000 0.000000 -1.000000
vn 0.000000 0.000000 -1.000000
vn 0.000000 0.000000 -1.000000
vn 0.000000 0.000000 -1.000000
vn 0.000000 0.000000 -1.000000
vn 0.000000 0.000000 -1.000000
vn 0.000000 0.000000 -1.000000
vn 0.000000 0.000000 -1.000000
vn 0.000000 0.000000 -1.000000
vn 0.000000 0.000000 -1.000000
vn 0.000000 0.000000 -1.000000
vn 0.000000 0.000000 -1.000000
vn 0.000000 -0.000000 -1.000000
vn 0.000000 0.000000 -1.000000
vn 0.000000 -0.000000 -1.000000
vn 0.000000 -0.000000 -1.000000
vn 0.000000 0.000000 -1.000000
vn 0.000000 -0.000000 -1.000000
vn 0.000000 -0.000000 -1.000000
vn 0.000000 -0.000000 -1.000000
vn -0.000000 -0.000000 -1.000000
vn 0.000000 -0.000000 -1.000000
vn 0.000000 0.000000 -1.000000
vn 0.000000 -0.000000 -1.000000
vn 0.000000 -0.000000 -1.000000
vn 0.000000 -0.000000 -1.000000
vn 0.000000 0.000000 -1.000000
vn 0.000000 -0.000000 -1.000000
vn 0.000000 -0.000000 -1.000000
vn 0.000000 -0.000000 -1.000000
vn 0.000000 0.000000 -1.000000
vn 0.000000 -0.000000 -1.000000
vn 0.000000 -0.000000 -1.000000
vn 0.000000 0.000000 -1.000000
vn 0.000000 -0.000000 -1.000000
vn -0.000000 -0.000000 -1.000000
vn 0.000000 0.000000 -1.000000
vn 0.000000 -0.000000 -1.000000
vn 0.000000 -0.000000 -1.000000
vn 0.000000 -0.000000 -1.000000
vn -0.000000 -0.000000 -1.000000
vn 0.000000 0.000000 -1.000000
vn 0.000000 -0.000000 -1.000000
vn 0.000000 -0.000000 -1.000000
vn 0.000000 0.000000 -1.000000
vn 0.000000 -0.000000 -1.000000
vn 0.000000 -0.000000 -1.000000
vn 0.000000 -0.000000 -1.000000
vn -0.000000 -0.000000 -1.000000
vn 0.000000 -0.000000 -1.000000
vn 0.000000 -0.000000 -1.000000
vn 0.000000 0.000000 -1.000000
vn 0.000000 -0.000000 -1.000000
vn 0.000000 -0.000000 -1.000000
vn 0.000000 0.000000 -1.000000
vn 0.000000 -0.000000 -1.000000
vn 0.000000 0.000000 -1.000000
vn 0.000000 -0.000000 -1.000000
vn 0.000000 -0.000000 -1.000000
vn 0.000000 0.000000 -1.000000
vn 0.000000 -0.000000 -1.000000
vn 0.000000 0.000000 -1.000000
vn 0.000000 -0.000000 -1.000000
vn 0.000000 0.000000 -1.000000
vn 0.000000 -0.000000 -1.000000
vn 0.000000 -0.000000 -1.000000
vn 0.000000 0.000000 -1.000000
vn 0.000000 0.000000 -1.000000
vn 0.000000 0.000000 -1.000000
vn 0.000000 0.000000 -1.000000
vn 0.000000 0.000000 -1.000000
vn 0.000000 0.000000 -1.000000
vn 0.000000 0.000000 -1.000000
vn 0.000000 0.000000 -1.000000
vn 0.000000 0.000000 -1.000000
vn 0.000000 0.000000 -1.000000
vn 0.000000 0.000000 -1.000000
vn 0.000000 0.000000 -1.000000
vn 0.000000 0.000000 -1.000000
vn 0.000000 0.000000 -1.000000
vn 0.000000 0.000000 -1.000000
vn 0.000000 0.000000 -1.000000
vn 0.000000 0.000000 -1.000000
vn 0.000000 0.000000 -1.000000
vn 0.000000 0.000000 -1.000000
vn 0.000000 0.000000 -1.000000
vn 0.000000 0.000000 -1.000000
vn 0.000000 0.000000 -1.000000
vn 0.000000 0.000000 -1.000000
vn 0.000000 0.000000 -1.000000
vn 0.000000 0.000000 -1.000000
vn 0.000000 0.000000 -1.000000
vn 0.000000 0.000000 -1.000000
vn 0.000000 0.000000 -1.000000
vn 0.000000 0.000000 -1.000000
vn 0.000000 0.000000 -1.000000
vn 0.000000 0.000000 -1.000000
vn 0.000000 0.000000 -1.000000
vn 0.000000 0.000000 -1.000000
vn 0.000000 0.000000 -1.000000
vn 0.000000 0.000000 -1.000000
vn 0.000000 0.000000 -1.000000
vn 0.000000 0.000000 -1.000000
vn 0.000000 0.000000 -1.000000
vn 0.000000 0.000000 -1.000000
vn 0.000000 0.000000 -1.000000
vn 0.000000 0.000000 -1.000000
vn 0.000000 0.000000 -1.000000
vn 0.000000 0.000000 -1.000000
vn 0.000000 0.000000 -1.000000
vn 0.000000 0.000000 -1.000000
vn 0.000000 0.000000 -1.000000
vn 0.000000 0.000000 -1.000000
vn 0.000000 0.000000 -1.000000
vn 0.000000 0.000000 -1.000000
vn 0.000000 0.000000 -1.000000
vn 0.000000 0.000000 -1.000000
vn 0.000000 0.000000 -1.000000
vn 0.000000 -0.000000 -1.000000
vn -0.000000 -0.000000 -1.000000
vn -0.000000 -0.000000 -1.000000
vn -0.000000 -0.000000 -1.000000
vn -0.000000 -0.000000 -1.000000
vn 0.000000 -0.000000 -1.000000
vn 0.000000 -0.000000 -1.000000
vn 0.000000 -0.000000 -1.000000
vn 0.000000 -0.000000 -1.000000
vn 0.000000 -0.000000 -1.000000
vn 0.000000 -0.000000 -1.000000
vn 0.000000 -0.000000 -1.000000
vn 0.000000 -0.000000 -1.000000
vn 0.000000 -0.000000 -1.000000
vn 0.000000 -0.000000 -1.000000
vn 0.000000 -0.000000 -1.000000
vn 0.000000 -0.000000 -1.000000
vn 0.000000 -0.000000 -1.000000
vn 0.000000 -0.000000 -1.000000
vn 0.000000 -0.000000 -1.000000
vn 0.000000 -0.000000 -1.000000
vn 0.000000 -0.000000 -1.000000
vn 0.000000 -0.000000 -1.000000
vn 0.000000 -0.000000 -1.000000
vn 0.000000 -0.000000 -1.000000
vn 0.000000 -0.000000 -1.000000
vn 0.000000 -0.000000 -1.000000
vn 0.000000 -0.000000 -1.000000
vn 0.000000 -0.000000 -1.000000
vn 0.000000 -0.000000 -1.000000
vn 0.000000 -0.000000 -1.000000
vn 0.000000 -0.000000 -1.000000
vn 0.000000 -0.000000 -1.000000
vn 0.000000 -0.000000 -1.000000
vn 0.000000 -0.000000 -1.000000
vn 0.000000 -0.000000 -1.000000
vn 0.000000 0.000000 -1.000000
vn 0.000000 0.000000 -1.000000
vn 0.000000 0.000000 -1.000000
vn 0.000000 0.000000 -1.000000
vn 0.000000 0.000000 -1.000000
vn 0.000000 0.000000 -1.000000
vn 0.000000 0.000000 -1.000000
vn 0.000000 0.000000 -1.000000
vn 0.000000 0.000000 -1.000000
vn 0.000000 0.000000 -1.000000
vn 0.000000 0.000000 -1.000000
vn 0.000000 0.000000 -1.000000
vn 0.000000 0.000000 -1.000000
vn 0.000000 0.000000 -1.000000
vn 0.000000 0.000000 -1.000000
vn 0.000000 0.000000 -1.000000
vn 0.000000 0.000000 -1.000000
vn 0.000000 0.000000 -1.000000
vn 0.000000 0.000000 -1.000000
vn 0.000000 0.000000 -1.000000
vn 0.000000 0.000000 -1.000000
vn 0.000000 0.000000 -1.000000
vn 0.000000 0.000000 -1.000000
vn 0.000000 0.000000 -1.000000
vn 0.000000 0.000000 -1.000000
vn 0.000000 0.000000 -1.000000
vn 0.000000 0.000000 -1.000000
vn 0.000000 0.000000 -1.000000
vn 0.000000 0.000000 -1.000000
vn 0.000000 0.000000 -1.000000
vn 0.000000 0.000000 -1.000000
vn 0.000000 0.000000 -1.000000
vn 0.000000 0.000000 -1.000000
vn 0.000000 0.000000 -1.000000
vn 0.000000 0.000000 -1.000000
vn 0.000000 0.000000 -1.000000
vn 0.000000 0.000000 -1.000000
vn 0.000000 0.000000 -1.000000
vn 0.000000 0.000000 -1.000000
vn 0.000000 0.000000 -1.000000
vn 0.000000 0.000000 -1.000000
vn 0.000000 0.000000 -1.000000
vn 0.000000 0.000000 -1.000000
vn 0.000000 0.000000 -1.000000
vn 0.000000 0.000000 -1.000000
vn 0.000000 0.000000 -1.000000
vn 0.000000 0.000000 -1.000000
vn 0.000000 0.000000 -1.000000
vn 0.000000 0.000000 -1.000000
vn 0.000000 0.000000 -1.000000
vn 0.000000 0.000000 -1.000000
vn 0.000000 0.000000 -1.000000
vn 0.000000 0.000000 -1.000000
vn 0.000000 0.000000 -1.000000
vn 0.000000 0.000000 -1.000000
vn 0.000000 0.000000 -1.000000
vn 0.000000 0.000000 -1.000000
vn 0.000000 0.000000 -1.000000
vn 0.000000 0.000000 -1.000000
vn 0.000000 0.000000 -1.000000
vn 0.000000 0.000000 -1.000000
vn 0.000000 0.000000 -1.000000
vn 0.000000 0.000000 -1.000000
vn 0.000000 0.000000 -1.000000
vn 0.000000 0.000000 -1.000000
vn 0.000000 0.000000 -1.000000
vn 0.000000 0.000000 -1.000000
vn 0.000000 0.000000 -1.000000
vn 0.000000 0.000000 -1.000000
vn 0.000000 0.000000 -1.000000
vn 0.000000 0.000000 -1.000000
vn 0.000000 0.000000 -1.000000
vn 0.000000 -0.000000 -1.000000
vn 0.000000 -0.000000 -1.000000
vn 0.000000 -0.000000 -1.000000
vn 0.000000 -0.000000 -1.000000
vn 0.000000 -0.000000 -1.000000
vn 0.000000 -0.000000 -1.000000
vn 0.000000 -0.000000 -1.000000
vn 0.000000 -0.000000 -1.000000
vn 0.000000 -0.000000 -1.000000
vn 0.000000 -0.000000 -1.000000
vn 0.000000 -0.000000 -1.000000
vn 0.000000 -0.000000 -1.000000
vn 0.000000 -0.000000 -1.000000
vn 0.000000 -0.000000 -1.000000
vn 0.000000 -0.000000 -1.000000
vn 0.000000 -0.000000 -1.000000
vn -0.000000 -0.000000 -1.000000
vn -0.000000 -0.000000 -1.000000
vn -0.000000 -0.000000 -1.000000
vn -0.000000 -0.000000 -1.000000
vn -0.000000 -0.000000 -1.000000
vn -0.000000 -0.000000 -1.000000
vn -0.000000 -0.000000 -1.000000
vn -0.000000 -0.000000 -1.000000
vn -0.000000 -0.000000 -1.000000
vn -0.000000 -0.000000 -1.000000
vn -0.000000 -0.000000 -1.000000
vn -0.000000 -0.000000 -1.000000
vn -0.000000 -0.000000 -1.000000
vn -0.000000 -0.000000 -1.000000
vn 0.000000 -0.000000 -1.000000
vn -0.937170 0.348873 -0.000000
vn -0.937170 0.348873 0.000000
vn -0.577799 -0.816179 -0.000000
vn -0.577799 -0.816179 0.000000
vn -0.998366 0.057138 0.000000
vn -0.998366 0.057138 0.000000
vn -0.311556 -0.950228 0.000000
vn -0.311556 -0.950228 0.000000
vn -0.970853 -0.239676 0.000000
vn -0.970853 -0.239676 0.000000
vn -0.017630 -0.999845 -0.000000
vn -0.017630 -0.999845 0.000000
vn -0.857076 -0.515189 0.000000
vn -0.857076 -0.515189 0.000000
vn 0.277862 -0.960621 0.000000
vn 0.277862 -0.960621 0.000000
vn -0.667143 -0.744930 -0.000000
vn -0.667143 -0.744930 0.000000
vn 0.548666 -0.836041 0.000000
vn 0.548666 -0.836041 0.000000
vn -0.417932 -0.908478 -0.000000
vn -0.417932 -0.908478 0.000000
vn 0.770718 -0.637177 0.000000
vn 0.770718 -0.637177 0.000000
vn -0.131586 -0.991305 -0.000000
vn -0.131586 -0.991305 0.000000
vn 0.924288 -0.381697 -0.000000
vn 0.924288 -0.381697 0.000000
vn 0.166453 -0.986049 0.000000
vn 0.166453 -0.986049 0.000000
vn 0.995731 -0.092301 -0.000000
vn 0.995731 -0.092301 0.000000
vn 0.449701 -0.893179 0.000000
vn 0.449701 -0.893179 0.000000
vn 0.978700 0.205297 0.000000
vn 0.978700 0.205297 -0.000000
vn 0.692991 -0.720946 0.000000
vn 0.692991 -0.720946 0.000000
vn 0.874706 0.484653 0.000000
vn 0.874706 0.484653 -0.000000
vn 0.874706 -0.484653 -0.000000
vn 0.874706 -0.484653 0.000000
vn 0.692991 0.720946 -0.000000
vn 0.692991 0.720946 -0.000000
vn 0.978700 -0.205297 -0.000000
vn 0.978700 -0.205297 0.000000
vn 0.449701 0.893179 -0.000000
vn 0.449701 0.893179 -0.000000
vn 0.995731 0.092301 0.000000
vn 0.995731 0.092301 -0.000000
vn 0.166453 0.986049 -0.000000
vn 0.166453 0.986049 -0.000000
vn 0.924288 0.381697 0.000000
vn 0.924288 0.381697 -0.000000
vn -0.131586 0.991305 0.000000
vn -0.131586 0.991305 0.000000
vn 0.770718 0.637177 -0.000000
vn 0.770718 0.637177 -0.000000
vn -0.417932 0.908478 0.000000
vn -0.417932 0.908478 0.000000
vn 0.548666 0.836041 -0.000000
vn 0.548666 0.836041 -0.000000
vn -0.667143 0.744930 0.000000
vn -0.667143 0.744930 0.000000
vn 0.277862 0.960621 -0.000000
vn 0.277862 0.960621 -0.000000
vn -0.857076 0.515189 -0.000000
vn -0.857076 0.515189 0.000000
vn -0.017630 0.999845 0.000000
vn -0.017630 0.999845 0.000000
vn -0.970853 0.239676 -0.000000
vn -0.970853 0.239676 0.000000
vn -0.311556 0.950228 -0.000000
vn -0.311556 0.950228 0.000000
vn -0.998366 -0.057138 -0.000000
vn -0.998366 -0.057138 0.000000
vn -0.577799 0.816179 0.000000
vn -0.577799 0.816179 0.000000
vn -0.937170 -0.348873 0.000000
vn -0.937170 -0.348873 0.000000
vn -0.792703 0.609608 -0.000000
vn -0.792703 0.609608 0.000000
vn -0.792703 -0.609608 0.000000
vn -0.792703 -0.609608 0.000000
vn -0.682347 -0.731028 -0.000000
vn -0.682347 -0.731028 -0.000000
vn -0.646142 -0.763217 -0.000000
vn -0.646142 -0.763217 0.000000
vn -0.608422 -0.793614 -0.000000
vn -0.608422 -0.793614 0.000000
vn -0.569271 -0.822150 -0.000000
vn -0.569271 -0.822150 0.000000
vn -0.528787 -0.848755 -0.000000
vn -0.528787 -0.848755 -0.000000
vn -0.487061 -0.873368 -0.000000
vn -0.444190 -0.895933 -0.000000
vn -0.487061 -0.873368 0.000000
vn -0.400281 -0.916393 -0.000000
vn -0.444190 -0.895933 -0.000000
vn -0.400281 -0.916393 -0.000000
vn -0.355428 -0.934704 -0.000000
vn -0.355428 -0.934704 -0.000000
vn -0.309742 -0.950821 -0.000000
vn -0.309742 -0.950821 -0.000000
vn -0.263330 -0.964706 0.000000
vn -0.263330 -0.964706 -0.000000
vn -0.216300 -0.976327 -0.000000
vn -0.216300 -0.976327 -0.000000
vn -0.168762 -0.985657 -0.000000
vn -0.168762 -0.985657 -0.000000
vn -0.120828 -0.992674 -0.000000
vn -0.120828 -0.992674 -0.000000
vn -0.072611 -0.997360 0.000000
vn -0.072611 -0.997360 -0.000000
vn -0.024222 -0.999707 -0.000000
vn -0.024222 -0.999707 -0.000000
vn 0.024222 -0.999707 0.000000
vn 0.024222 -0.999707 0.000000
vn 0.072611 -0.997360 -0.000000
vn 0.072611 -0.997360 0.000000
vn 0.120828 -0.992674 -0.000000
vn 0.120828 -0.992674 0.000000
vn 0.168762 -0.985657 0.000000
vn 0.168762 -0.985657 0.000000
vn 0.216300 -0.976327 0.000000
vn 0.216300 -0.976327 0.000000
vn 0.263330 -0.964706 0.000000
vn 0.309742 -0.950821 0.000000
vn 0.263330 -0.964706 0.000000
vn 0.309742 -0.950821 0.000000
vn 0.355428 -0.934704 0.000000
vn 0.355428 -0.934704 0.000000
vn 0.400281 -0.916393 0.000000
vn 0.400281 -0.916393 -0.000000
vn 0.444190 -0.895933 0.000000
vn 0.444190 -0.895933 0.000000
vn 0.487061 -0.873368 0.000000
vn 0.487061 -0.873368 -0.000000
vn 0.528787 -0.848755 0.000000
vn 0.569271 -0.822150 0.000000
vn 0.528787 -0.848755 0.000000
vn 0.569271 -0.822150 0.000000
vn 0.608422 -0.793614 0.000000
vn 0.608422 -0.793614 -0.000000
vn 0.646142 -0.763217 0.000000
vn 0.682347 -0.731028 0.000000
vn 0.646142 -0.763217 -0.000000
vn 0.682347 -0.731028 0.000000
vn 0.000000 0.000000 1.000000
vn 0.000000 0.000000 1.000000
vn 0.000000 0.000000 1.000000
vn 0.000000 0.000000 1.000000
vn 0.000000 0.000000 1.000000
vn 0.000000 0.000000 1.000000
vn 0.000000 0.000000 1.000000
vn 0.000000 0.000000 1.000000
vn 0.000000 0.000000 1.000000
vn 0.000000 0.000000 1.000000
vn 0.000000 0.000000 1.000000
vn 0.000000 0.000000 1.000000
vn 0.000000 0.000000 1.000000
vn 0.000000 0.000000 1.000000
vn 0.000000 0.000000 1.000000
vn 0.000000 0.000000 1.000000
vn 0.000000 0.000000 1.000000
vn 0.000000 0.000000 1.000000
vn 0.000000 0.000000 1.000000
vn 0.000000 0.000000 1.000000
vn 0.000000 0.000000 1.000000
vn 0.000000 0.000000 1.000000
vn 0.000000 0.000000 1.000000
vn 0.000000 0.000000 1.000000
vn 0.000000 0.000000 1.000000
vn 0.000000 0.000000 1.000000
vn 0.000000 0.000000 1.000000
vn 0.000000 0.000000 1.000000
vn 0.000000 0.000000 1.000000
vn 0.000000 0.000000 1.000000
vn 0.000000 0.000000 1.000000
vn 0.000000 0.000000 1.000000
vn 0.000000 0.000000 1.000000
vn 0.000000 0.000000 1.000000
vn 0.000000 0.000000 1.000000
vn 0.000000 0.000000 1.000000
vn 0.000000 0.000000 1.000000
vn 0.000000 0.000000 1.000000
vn 0.000000 0.000000 1.000000
vn 0.000000 0.000000 1.000000
vn 0.000000 0.000000 1.000000
vn 0.000000 0.000000 1.000000
vn 0.000000 0.000000 1.000000
vn 0.000000 0.000000 1.000000
vn 0.000000 0.000000 1.000000
vn 0.000000 0.000000 1.000000
vn 0.000000 0.000000 1.000000
vn 0.000000 0.000000 1.000000
vn 0.000000 0.000000 1.000000
vn 0.000000 0.000000 1.000000
vn 0.000000 0.000000 1.000000
vn 0.000000 0.000000 1.000000
vn 0.000000 0.000000 1.000000
vn 0.000000 0.000000 1.000000
vn 0.000000 0.000000 1.000000
vn 0.000000 0.000000 1.000000
vn 0.000000 0.000000 1.000000
vn 0.000000 0.000000 1.000000
vn 0.000000 0.000000 1.000000
vn 0.000000 0.000000 1.000000
vn 0.000000 0.000000 1.000000
vn 0.000000 0.000000 1.000000
vn 0.000000 0.000000 1.000000
vn 0.000000 0.000000 1.000000
vn 0.000000 0.000000 1.000000
vn 0.000000 0.000000 1.000000
vn 0.000000 0.000000 1.000000
vn 0.000000 0.000000 1.000000
vn 0.000000 0.000000 1.000000
vn 0.000000 0.000000 1.000000
vn 0.000000 0.000000 1.000000
vn 0.000000 0.000000 1.000000
vn 0.000000 0.000000 1.000000
vn 0.000000 0.000000 1.000000
vn 0.000000 0.000000 1.000000
vn 0.000000 0.000000 1.000000
vn 0.000000 0.000000 1.000000
vn 0.000000 0.000000 1.000000
vn 0.000000 0.000000 1.000000
vn 0.000000 0.000000 1.000000
vn 0.000000 0.000000 1.000000
vn 0.000000 0.000000 1.000000
vn 0.000000 0.000000 1.000000
vn 0.000000 0.000000 1.000000
vn 0.000000 0.000000 1.000000
vn 0.000000 0.000000 1.000000
vn 0.000000 0.000000 1.000000
vn 0.000000 0.000000 1.000000
vn 0.000000 0.000000 1.000000
vn 0.000000 0.000000 1.000000
vn 0.000000 0.000000 1.000000
vn 0.000000 0.000000 1.000000
vn 0.000000 0.000000 1.000000
vn 0.000000 0.000000 1.000000
vn 0.000000 0.000000 1.000000
vn 0.000000 0.000000 1.000000
vn 0.000000 0.000000 1.000000
vn 0.000000 0.000000 1.000000
vn 0.000000 0.000000 1.000000
vn 0.000000 0.000000 1.000000
vn 0.000000 0.000000 1.000000
vn 0.000000 0.000000 1.000000
vn 0.000000 0.000000 1.000000
vn 0.000000 0.000000 1.000000
vn 0.000000 0.000000 1.000000
vn 0.000000 0.000000 1.000000
vn 0.000000 0.000000 1.000000
vn 0.000000 0.000000 1.000000
vn 0.000000 0.000000 1.000000
vn 0.000000 0.000000 1.000000
vn 0.000000 0.000000 1.000000
vn 0.000000 0.000000 1.000000
vn 0.000000 0.000000 1.000000
vn 0.000000 0.000000 1.000000
vn 0.000000 0.000000 1.000000
vn 0.000000 0.000000 1.000000
vn 0.000000 0.000000 1.000000
vn 0.000000 0.000000 1.000000
vn 0.000000 0.000000 1.000000
vn 0.000000 0.000000 1.000000
vn 0.000000 0.000000 1.000000
vn 0.000000 0.000000 1.000000
vn 0.000000 0.000000 1.000000
vn 0.000000 0.000000 1.000000
vn 0.000000 0.000000 1.000000
vn 0.000000 0.000000 1.000000
vn 0.000000 0.000000 1.000000
vn 0.000000 0.000000 1.000000
vn 0.000000 0.000000 1.000000
vn 0.000000 0.000000 1.000000
vn 0.000000 0.000000 1.000000
vn 0.000000 0.000000 1.000000
vn 0.000000 0.000000 1.000000
vn 0.000000 0.000000 1.000000
vn 0.000000 0.000000 1.000000
vn 0.000000 0.000000 1.000000
vn 0.000000 0.000000 1.000000
vn 0.000000 0.000000 1.000000
vn 0.000000 0.000000 1.000000
vn 0.000000 0.000000 1.000000
vn 0.000000 0.000000 1.000000
vn 0.000000 0.000000 1.000000
vn 0.000000 0.000000 1.000000
vn 0.000000 0.000000 1.000000
vn 0.000000 0.000000 1.000000
vn 0.000000 0.000000 1.000000
vn 0.000000 0.000000 1.000000
vn 0.000000 0.000000 1.000000
vn 0.000000 0.000000 1.000000
vn 0.000000 0.000000 1.000000
vn 0.000000 0.000000 1.000000
vn 0.000000 0.000000 1.000000
vn 0.000000 0.000000 1.000000
vn 0.000000 0.000000 1.000000
vn 0.000000 0.000000 1.000000
vn 0.000000 0.000000 1.000000
vn 0.000000 0.000000 1.000000
vn 0.000000 0.000000 1.000000
vn 0.000000 0.000000 1.000000
vn 0.000000 0.000000 1.000000
vn 0.000000 0.000000 1.000000
vn 0.000000 0.000000 1.000000
vn 0.000000 0.000000 1.000000
vn 0.000000 0.000000 1.000000
vn 0.000000 0.000000 1.000000
vn 0.000000 0.000000 1.000000
vn 0.000000 0.000000 1.000000
vn 0.000000 0.000000 1.000000
vn 0.000000 0.000000 1.000000
vn 0.000000 0.000000 1.000000
vn 0.000000 0.000000 1.000000
vn 0.000000 0.000000 1.000000
vn 0.000000 0.000000 1.000000
vn 0.000000 0.000000 1.000000
vn 0.000000 0.000000 1.000000
vn 0.000000 0.000000 1.000000
vn 0.000000 0.000000 1.000000
vn 0.000000 0.000000 1.000000
vn 0.000000 0.000000 1.000000
vn 0.000000 0.000000 1.000000
vn 0.000000 0.000000 1.000000
vn 0.000000 0.000000 1.000000
vn 0.000000 0.000000 1.000000
vn 0.000000 0.000000 1.000000
vn 0.000000 0.000000 1.000000
vn 0.000000 0.000000 1.000000
vn 0.000000 0.000000 1.000000
vn 0.000000 0.000000 1.000000
vn 0.000000 0.000000 1.000000
vn 0.000000 0.000000 1.000000
vn 0.000000 0.000000 1.000000
vn 0.000000 0.000000 1.000000
vn 0.000000 0.000000 1.000000
vn 0.000000 0.000000 1.000000
vn 0.000000 0.000000 1.000000
vn 0.000000 0.000000 1.000000
vn 0.000000 0.000000 1.000000
vn 0.000000 0.000000 1.000000
vn 0.000000 0.000000 1.000000
vn 0.000000 0.000000 1.000000
vn 0.000000 0.000000 1.000000
vn 0.000000 0.000000 1.000000
vn 0.000000 0.000000 1.000000
vn 0.000000 0.000000 1.000000
vn 0.000000 0.000000 1.000000
vn 0.000000 0.000000 1.000000
vn 0.000000 0.000000 1.000000
vn 0.000000 0.000000 1.000000
vn 0.000000 0.000000 1.000000
vn 0.000000 0.000000 1.000000
vn 0.000000 0.000000 1.000000
vn 0.000000 0.000000 1.000000
vn 0.000000 0.000000 1.000000
vn 0.000000 0.000000 1.000000
vn 0.000000 0.000000 1.000000
vn 0.000000 0.000000 1.000000
vn 0.000000 0.000000 1.000000
vn 0.000000 0.000000 1.000000
vn 0.000000 0.000000 1.000000
vn 0.000000 0.000000 1.000000
vn 0.000000 0.000000 1.000000
vn 0.000000 0.000000 1.000000
vn 0.000000 0.000000 1.000000
vn 0.000000 0.000000 1.000000
vn 0.000000 0.000000 1.000000
vn 0.000000 0.000000 1.000000
vn 0.000000 0.000000 1.000000
vn 0.000000 0.000000 1.000000
vn 0.000000 0.000000 1.000000
vn 0.000000 0.000000 1.000000
vn 0.000000 0.000000 1.000000
vn 0.000000 0.000000 1.000000
vn 0.000000 0.000000 1.000000
vn 0.000000 0.000000 1.000000
vn 0.000000 0.000000 1.000000
vn 0.000000 0.000000 1.000000
vn 0.000000 0.000000 1.000000
vn 0.000000 0.000000 1.000000
vn 0.000000 0.000000 1.000000
vn 0.000000 0.000000 1.000000
vn 0.000000 0.000000 1.000000
vn 0.000000 0.000000 1.000000
vn 0.000000 0.000000 1.000000
vn 0.000000 0.000000 1.000000
vn 0.000000 0.000000 1.000000
vn 0.000000 0.000000 1.000000
vn 0.000000 0.000000 1.000000
vn 0.000000 0.000000 1.000000
vn 0.000000 0.000000 1.000000
vn 0.000000 0.000000 1.000000
vn 0.000000 0.000000 1.000000
vn 0.000000 0.000000 1.000000
vn 0.000000 0.000000 1.000000
vn 0.000000 0.000000 1.000000
vn 0.000000 0.000000 1.000000
vn 0.000000 0.000000 1.000000
vn 0.000000 0.000000 1.000000
vn 0.000000 0.000000 1.000000
vn 0.000000 0.000000 1.000000
vn 0.000000 0.000000 1.000000
vn 0.000000 0.000000 1.000000
vn 0.000000 0.000000 1.000000
vn 0.000000 0.000000 1.000000
vn 0.000000 0.000000 1.000000
vn 0.000000 0.000000 1.000000
vn 0.000000 0.000000 1.000000
vn 0.000000 0.000000 1.000000
vn 0.000000 0.000000 1.000000
vn 0.000000 0.000000 1.000000
vn 0.000000 0.000000 1.000000
vn 0.000000 0.000000 1.000000
vn 0.000000 0.000000 1.000000
vn 0.000000 0.000000 1.000000
vn 0.000000 0.000000 1.000000
vn 0.000000 0.000000 1.000000
vn 0.000000 0.000000 1.000000
vn 0.000000 0.000000 1.000000
vn 0.000000 0.000000 1.000000
vn 0.000000 0.000000 1.000000
vn 0.000000 0.000000 1.000000
vn 0.000000 0.000000 1.000000
vn 0.000000 0.000000 1.000000
vn 0.000000 0.000000 1.000000
vn 0.000000 0.000000 1.000000
vn 0.000000 0.000000 1.000000
vn 0.000000 0.000000 1.000000
vn 0.000000 0.000000 1.000000
vn 0.000000 0.000000 1.000000
vn 0.000000 0.000000 1.000000
vn 0.000000 0.000000 1.000000
vn 0.000000 0.000000 1.000000
vn 0.000000 0.000000 1.000000
vn 0.000000 0.000000 1.000000
vn 0.000000 0.000000 1.000000
vn 0.000000 0.000000 1.000000
vn 0.000000 0.000000 1.000000
vn 0.000000 0.000000 1.000000
vn 0.000000 0.000000 1.000000
vn 0.000000 0.000000 1.000000
vn 0.000000 0.000000 1.000000
vn 0.000000 0.000000 1.000000
vn 0.000000 0.000000 1.000000
vn 0.000000 0.000000 1.000000
vn 0.000000 0.000000 1.000000
vn 0.000000 0.000000 1.000000
vn 0.000000 0.000000 1.000000
vn 0.000000 0.000000 1.000000
vn 0.000000 0.000000 1.000000
vn 0.000000 0.000000 1.000000
vn 0.000000 0.000000 1.000000
vn 0.000000 0.000000 1.000000
vn 0.000000 0.000000 1.000000
vn 0.000000 0.000000 1.000000
vn 0.000000 0.000000 1.000000
vn 0.000000 0.000000 1.000000
vn 0.000000 0.000000 1.000000
vn 0.000000 0.000000 1.000000
vn 0.000000 0.000000 1.000000
vn 0.000000 0.000000 1.000000
vn 0.000000 0.000000 1.000000
vn 0.000000 0.000000 1.000000
vn 0.000000 0.000000 1.000000
vn 0.000000 0.000000 1.000000
vn 0.000000 0.000000 1.000000
vn 0.000000 0.000000 1.000000
vn 0.000000 0.000000 1.000000
vn 0.000000 0.000000 1.000000
vn 0.000000 0.000000 1.000000
vn 0.000000 0.000000 1.000000
vn 0.000000 0.000000 1.000000
vn 0.000000 0.000000 1.000000
vn 0.000000 0.000000 1.000000
vn 0.000000 0.000000 1.000000
vn 0.000000 0.000000 1.000000
vn 0.000000 0.000000 1.000000
vn 0.000000 0.000000 1.000000
vn 0.000000 0.000000 1.000000
vn 0.000000 0.000000 1.000000
vn 0.000000 0.000000 1.000000
vn 0.000000 0.000000 1.000000
vn 0.000000 0.000000 1.000000
vn 0.000000 0.000000 1.000000
vn 0.000000 0.000000 1.000000
vn 0.000000 0.000000 1.000000
vn 0.000000 0.000000 1.000000
vn 0.000000 0.000000 1.000000
vn 0.000000 0.000000 1.000000
vn 0.000000 0.000000 1.000000
vn 0.000000 0.000000 1.000000
vn 0.000000 0.000000 1.000000
vn 0.000000 0.000000 1.000000
vn 0.000000 1.000000 0.000000
vn 0.000000 1.000000 0.000000
vn 1.000000 0.000000 0.000000
vn 1.000000 -0.000000 0.000000
vn 0.000000 -1.000000 0.000000
vn 0.000000 -1.000000 0.000000
vn -0.999688 -0.024974 -0.000000
vn -0.999688 -0.024974 0.000000
vn -0.997206 -0.074703 0.000000
vn -0.992235 -0.124376 0.000000
vn -0.997206 -0.074703 -0.000000
vn -0.992235 -0.124376 0.000000
vn -0.984814 -0.173615 0.000000
vn -0.974927 -0.222523 0.000000
vn -0.984814 -0.173615 -0.000000
vn -0.962627 -0.270832 0.000000
vn -0.974927 -0.222523 0.000000
vn -0.962627 -0.270832 -0.000000
vn -0.947928 -0.318484 -0.000000
vn -0.947928 -0.318484 -0.000000
vn -0.930864 -0.365367 -0.000000
vn -0.911511 -0.411277 0.000000
vn -0.930864 -0.365367 -0.000000
vn -0.911511 -0.411277 -0.000000
vn -0.889878 -0.456198 -0.000000
vn -0.889878 -0.456198 -0.000000
vn -0.866016 -0.500016 -0.000000
vn -0.866016 -0.500016 0.000000
vn -0.840030 -0.542540 -0.000000
vn -0.840030 -0.542540 0.000000
vn -0.811939 -0.583742 -0.000000
vn -0.811939 -0.583742 0.000000
vn -0.781841 -0.623478 -0.000000
vn -0.781841 -0.623478 -0.000000
vn -0.749763 -0.661706 -0.000000
vn -0.749763 -0.661706 0.000000
vn -0.715872 -0.698232 -0.000000
vn -0.715872 -0.698232 0.000000
vn -0.680180 -0.733045 -0.000000
vn -0.680180 -0.733045 -0.000000
vn -0.642788 -0.766044 -0.000000
vn -0.642788 -0.766044 -0.000000
vn -0.603802 -0.797134 -0.000000
vn -0.603802 -0.797134 0.000000
vn -0.563307 -0.826248 -0.000000
vn -0.563307 -0.826248 0.000000
vn -0.521450 -0.853282 -0.000000
vn -0.521450 -0.853282 -0.000000
vn -0.478248 -0.878225 -0.000000
vn -0.478248 -0.878225 0.000000
vn -0.433884 -0.900969 0.000000
vn -0.433884 -0.900969 0.000000
vn -0.388441 -0.921474 0.000000
vn -0.342013 -0.939695 0.000000
vn -0.388441 -0.921474 -0.000000
vn -0.342013 -0.939695 0.000000
vn -0.294758 -0.955572 -0.000000
vn -0.294758 -0.955572 -0.000000
vn -0.246762 -0.969076 0.000000
vn -0.198141 -0.980174 0.000000
vn -0.246762 -0.969076 -0.000000
vn -0.198141 -0.980174 -0.000000
vn -0.149040 -0.988831 -0.000000
vn -0.149040 -0.988831 -0.000000
vn -0.099569 -0.995031 0.000000
vn -0.049848 -0.998757 0.000000
vn -0.099569 -0.995031 -0.000000
vn -0.049848 -0.998757 0.000000
vn 0.000000 -1.000000 0.000000
vn 0.049848 -0.998757 0.000000
vn -0.000000 -1.000000 -0.000000
vn 0.049848 -0.998757 -0.000000
vn 0.099569 -0.995031 0.000000
vn 0.149040 -0.988831 0.000000
vn 0.099569 -0.995031 0.000000
vn 0.149040 -0.988831 0.000000
vn 0.198141 -0.980174 0.000000
vn 0.198141 -0.980174 0.000000
vn 0.246762 -0.969076 0.000000
vn 0.246762 -0.969076 -0.000000
vn 0.294758 -0.955572 0.000000
vn 0.294758 -0.955572 0.000000
vn 0.342013 -0.939695 0.000000
vn 0.342013 -0.939695 -0.000000
vn 0.388441 -0.921474 0.000000
vn 0.388441 -0.921474 -0.000000
vn 0.433884 -0.900969 0.000000
vn 0.433884 -0.900969 -0.000000
vn 0.478248 -0.878225 0.000000
vn 0.478248 -0.878225 -0.000000
vn 0.521450 -0.853282 0.000000
vn 0.521450 -0.853282 0.000000
vn 0.563307 -0.826248 0.000000
vn 0.563307 -0.826248 -0.000000
vn 0.603802 -0.797134 0.000000
vn 0.603802 -0.797134 -0.000000
vn 0.642788 -0.766044 0.000000
vn 0.642788 -0.766044 0.000000
vn 0.680180 -0.733045 0.000000
vn 0.680180 -0.733045 0.000000
vn 0.715872 -0.698232 0.000000
vn 0.715872 -0.698232 -0.000000
vn 0.749763 -0.661706 0.000000
vn 0.749763 -0.661706 -0.000000
vn 0.781841 -0.623478 0.000000
vn 0.781841 -0.623478 0.000000
vn 0.811939 -0.583742 0.000000
vn 0.811939 -0.583742 -0.000000
vn 0.840030 -0.542540 0.000000
vn 0.840030 -0.542540 -0.000000
vn 0.866016 -0.500016 0.000000
vn 0.866016 -0.500016 -0.000000
vn 0.889878 -0.456198 0.000000
vn 0.889878 -0.456198 0.000000
vn 0.911511 -0.411277 0.000000
vn 0.911511 -0.411277 0.000000
vn 0.930864 -0.365367 0.000000
vn 0.930864 -0.365367 0.000000
vn 0.947928 -0.318484 0.000000
vn 0.962627 -0.270832 0.000000
vn 0.947928 -0.318484 0.000000
vn 0.962627 -0.270832 0.000000
vn 0.974927 -0.222523 -0.000000
vn 0.984814 -0.173615 0.000000
vn 0.974927 -0.222523 0.000000
vn 0.992235 -0.124376 0.000000
vn 0.984814 -0.173615 -0.000000
vn 0.992235 -0.124376 -0.000000
vn 0.997206 -0.074703 0.000000
vn 0.997206 -0.074703 -0.000000
vn 0.999688 -0.024974 0.000000
vn 0.999688 -0.024974 -0.000000
vn 0.999688 0.024974 0.000000
vn 0.999688 0.024974 0.000000
vn 0.997206 0.074703 0.000000
vn 0.997206 0.074703 0.000000
vn 0.992235 0.124376 0.000000
vn 0.992235 0.124376 0.000000
vn 0.984814 0.173615 0.000000
vn 0.984814 0.173615 0.000000
vn 0.974927 0.222523 0.000000
vn 0.974927 0.222523 0.000000
vn 0.962627 0.270832 0.000000
vn 0.962627 0.270832 -0.000000
vn 0.947928 0.318484 0.000000
vn 0.947928 0.318484 -0.000000
vn 0.930864 0.365367 0.000000
vn 0.930864 0.365367 -0.000000
vn 0.911511 0.411277 0.000000
vn 0.911511 0.411277 -0.000000
vn 0.889878 0.456198 0.000000
vn 0.889878 0.456198 -0.000000
vn 0.866016 0.500016 0.000000
vn 0.866016 0.500016 0.000000
vn 0.840030 0.542540 0.000000
vn 0.840030 0.542540 0.000000
vn 0.811939 0.583742 0.000000
vn 0.811939 0.583742 0.000000
vn 0.781841 0.623478 -0.000000
vn 0.781841 0.623478 0.000000
vn 0.749763 0.661706 0.000000
vn 0.749763 0.661706 0.000000
vn 0.715872 0.698232 0.000000
vn 0.715872 0.698232 0.000000
vn 0.680180 0.733045 -0.000000
vn 0.680180 0.733045 0.000000
vn 0.642788 0.766044 -0.000000
vn 0.603802 0.797134 -0.000000
vn 0.642788 0.766044 0.000000
vn 0.603802 0.797134 0.000000
vn 0.563307 0.826248 0.000000
vn 0.563307 0.826248 0.000000
vn 0.521450 0.853282 -0.000000
vn 0.478248 0.878225 -0.000000
vn 0.521450 0.853282 0.000000
vn 0.433884 0.900969 -0.000000
vn 0.478248 0.878225 0.000000
vn 0.433884 0.900969 0.000000
vn 0.388441 0.921474 0.000000
vn 0.388441 0.921474 0.000000
vn 0.342013 0.939695 0.000000
vn 0.342013 0.939695 0.000000
vn 0.294758 0.955572 0.000000
vn 0.294758 0.955572 -0.000000
vn 0.246762 0.969076 0.000000
vn 0.246762 0.969076 0.000000
vn 0.198141 0.980174 0.000000
vn 0.198141 0.980174 -0.000000
vn 0.149040 0.988831 -0.000000
vn 0.099569 0.995031 -0.000000
vn 0.149040 0.988831 0.000000
vn 0.049848 0.998757 -0.000000
vn 0.099569 0.995031 0.000000
vn 0.049848 0.998757 0.000000
vn 0.000000 1.000000 0.000000
vn -0.000000 1.000000 0.000000
vn -0.049848 0.998757 -0.000000
vn -0.049848 0.998757 0.000000
vn -0.099569 0.995031 0.000000
vn -0.099569 0.995031 0.000000
vn -0.149040 0.988831 0.000000
vn -0.198141 0.980174 0.000000
vn -0.149040 0.988831 0.000000
vn -0.198141 0.980174 0.000000
vn -0.246762 0.969076 -0.000000
vn -0.246762 0.969076 0.000000
vn -0.294758 0.955572 0.000000
vn -0.294758 0.955572 0.000000
vn -0.342013 0.939695 -0.000000
vn -0.342013 0.939695 0.000000
vn -0.388441 0.921474 -0.000000
vn -0.388441 0.921474 0.000000
vn -0.433884 0.900969 -0.000000
vn -0.433884 0.900969 0.000000
vn -0.478248 0.878225 -0.000000
vn -0.478248 0.878225 0.000000
vn -0.521450 0.853282 0.000000
vn -0.521450 0.853282 0.000000
vn -0.563307 0.826248 -0.000000
vn -0.603802 0.797134 0.000000
vn -0.563307 0.826248 0.000000
vn -0.603802 0.797134 -0.000000
vn -0.642788 0.766044 0.000000
vn -0.680180 0.733045 0.000000
vn -0.642788 0.766044 0.000000
vn -0.680180 0.733045 0.000000
vn -0.715872 0.698232 -0.000000
vn -0.715872 0.698232 0.000000
vn -0.749763 0.661706 0.000000
vn -0.749763 0.661706 -0.000000
vn -0.781841 0.623478 0.000000
vn -0.781841 0.623478 0.000000
vn -0.811939 0.583742 0.000000
vn -0.811939 0.583742 -0.000000
vn -0.840030 0.542540 0.000000
vn -0.840030 0.542540 -0.000000
vn -0.866016 0.500016 0.000000
vn -0.866016 0.500016 -0.000000
vn -0.889878 0.456198 0.000000
vn -0.889878 0.456198 0.000000
vn -0.911511 0.411277 0.000000
vn -0.911511 0.411277 0.000000
vn -0.930864 0.365367 0.000000
vn -0.930864 0.365367 0.000000
vn -0.947928 0.318484 0.000000
vn -0.947928 0.318484 0.000000
vn -0.962627 0.270832 0.000000
vn -0.962627 0.270832 0.000000
vn -0.974927 0.222523 0.000000
vn -0.974927 0.222523 -0.000000
vn -0.984814 0.173615 0.000000
vn -0.984814 0.173615 -0.000000
vn -0.992235 0.124376 -0.000000
vn -0.992235 0.124376 0.000000
vn -0.997206 0.074703 0.000000
vn -0.997206 0.074703 -0.000000
vn -0.999688 0.024974 -0.000000
vn -0.999688 0.024974 0.000000
vn -0.999688 -0.024974 -0.000000
vn -0.999688 -0.024974 0.000000
vn -0.997206 -0.074703 0.000000
vn -0.992235 -0.124376 0.000000
vn -0.997206 -0.074703 -0.000000
vn -0.992235 -0.124376 0.000000
vn -0.984814 -0.173615 0.000000
vn -0.974927 -0.222523 0.000000
vn -0.984814 -0.173615 -0.000000
vn -0.962627 -0.270832 0.000000
vn -0.974927 -0.222523 0.000000
vn -0.962627 -0.270832 -0.000000
vn -0.947928 -0.318484 -0.000000
vn -0.947928 -0.318484 -0.000000
vn -0.930864 -0.365367 -0.000000
vn -0.911511 -0.411277 0.000000
vn -0.930864 -0.365367 -0.000000
vn -0.911511 -0.411277 -0.000000
vn -0.889878 -0.456198 -0.000000
vn -0.889878 -0.456198 -0.000000
vn -0.866016 -0.500016 -0.000000
vn -0.866016 -0.500016 0.000000
vn -0.840030 -0.542540 -0.000000
vn -0.840030 -0.542540 0.000000
vn -0.811939 -0.583742 -0.000000
vn -0.811939 -0.583742 0.000000
vn -0.781841 -0.623478 -0.000000
vn -0.781841 -0.623478 -0.000000
vn -0.749763 -0.661706 -0.000000
vn -0.749763 -0.661706 0.000000
vn -0.715872 -0.698232 -0.000000
vn -0.715872 -0.698232 0.000000
vn -0.680180 -0.733045 -0.000000
vn -0.680180 -0.733045 -0.000000
vn -0.642788 -0.766044 -0.000000
vn -0.642788 -0.766044 -0.000000
vn -0.603802 -0.797134 -0.000000
vn -0.603802 -0.797134 0.000000
vn -0.563307 -0.826248 -0.000000
vn -0.563307 -0.826248 0.000000
vn -0.521450 -0.853282 -0.000000
vn -0.521450 -0.853282 -0.000000
vn -0.478248 -0.878225 -0.000000
vn -0.478248 -0.878225 0.000000
vn -0.433884 -0.900969 0.000000
vn -0.433884 -0.900969 0.000000
vn -0.388441 -0.921474 0.000000
vn -0.342013 -0.939695 0.000000
vn -0.388441 -0.921474 -0.000000
vn -0.342013 -0.939695 0.000000
vn -0.294758 -0.955572 -0.000000
vn -0.294758 -0.955572 -0.000000
vn -0.246762 -0.969076 0.000000
vn -0.198141 -0.980174 0.000000
vn -0.246762 -0.969076 -0.000000
vn -0.198141 -0.980174 -0.000000
vn -0.149040 -0.988831 -0.000000
vn -0.149040 -0.988831 -0.000000
vn -0.099569 -0.995031 0.000000
vn -0.049848 -0.998757 0.000000
vn -0.099569 -0.995031 -0.000000
vn -0.049848 -0.998757 0.000000
vn 0.000000 -1.000000 0.000000
vn 0.049848 -0.998757 0.000000
vn -0.000000 -1.000000 -0.000000
vn 0.049848 -0.998757 -0.000000
vn 0.099569 -0.995031 0.000000
vn 0.149040 -0.988831 0.000000
vn 0.099569 -0.995031 0.000000
vn 0.149040 -0.988831 0.000000
vn 0.198141 -0.980174 0.000000
vn 0.198141 -0.980174 0.000000
vn 0.246762 -0.969076 0.000000
vn 0.246762 -0.969076 -0.000000
vn 0.294758 -0.955572 0.000000
vn 0.294758 -0.955572 0.000000
vn 0.342013 -0.939695 0.000000
vn 0.342013 -0.939695 -0.000000
vn 0.388441 -0.921474 0.000000
vn 0.388441 -0.921474 -0.000000
vn 0.433884 -0.900969 0.000000
vn 0.433884 -0.900969 -0.000000
vn 0.478248 -0.878225 0.000000
vn 0.478248 -0.878225 -0.000000
vn 0.521450 -0.853282 0.000000
vn 0.521450 -0.853282 0.000000
vn 0.563307 -0.826248 0.000000
vn 0.563307 -0.826248 -0.000000
vn 0.603802 -0.797134 0.000000
vn 0.603802 -0.797134 -0.000000
vn 0.642788 -0.766044 0.000000
vn 0.642788 -0.766044 0.000000
vn 0.680180 -0.733045 0.000000
vn 0.680180 -0.733045 0.000000
vn 0.715872 -0.698232 0.000000
vn 0.715872 -0.698232 -0.000000
vn 0.749763 -0.661706 0.000000
vn 0.749763 -0.661706 -0.000000
vn 0.781841 -0.623478 0.000000
vn 0.781841 -0.623478 0.000000
vn 0.811939 -0.583742 0.000000
vn 0.811939 -0.583742 -0.000000
vn 0.840030 -0.542540 0.000000
vn 0.840030 -0.542540 -0.000000
vn 0.866016 -0.500016 0.000000
vn 0.866016 -0.500016 -0.000000
vn 0.889878 -0.456198 0.000000
vn 0.889878 -0.456198 0.000000
vn 0.911511 -0.411277 0.000000
vn 0.911511 -0.411277 0.000000
vn 0.930864 -0.365367 0.000000
vn 0.930864 -0.365367 0.000000
vn 0.947928 -0.318484 0.000000
vn 0.962627 -0.270832 0.000000
vn 0.947928 -0.318484 0.000000
vn 0.962627 -0.270832 0.000000
vn 0.974927 -0.222523 -0.000000
vn 0.984814 -0.173615 0.000000
vn 0.974927 -0.222523 0.000000
vn 0.992235 -0.124376 0.000000
vn 0.984814 -0.173615 -0.000000
vn 0.992235 -0.124376 -0.000000
vn 0.997206 -0.074703 0.000000
vn 0.997206 -0.074703 -0.000000
vn 0.999688 -0.024974 0.000000
vn 0.999688 -0.024974 -0.000000
vn 0.999688 0.024974 0.000000
vn 0.999688 0.024974 0.000000
vn 0.997206 0.074703 0.000000
vn 0.997206 0.074703 0.000000
vn 0.992235 0.124376 0.000000
vn 0.992235 0.124376 0.000000
vn 0.984814 0.173615 0.000000
vn 0.984814 0.173615 0.000000
vn 0.974927 0.222523 0.000000
vn 0.974927 0.222523 0.000000
vn 0.962627 0.270832 0.000000
vn 0.962627 0.270832 -0.000000
vn 0.947928 0.318484 0.000000
vn 0.947928 0.318484 -0.000000
vn 0.930864 0.365367 0.000000
vn 0.930864 0.365367 -0.000000
vn 0.911511 0.411277 0.000000
vn 0.911511 0.411277 -0.000000
vn 0.889878 0.456198 0.000000
vn 0.889878 0.456198 -0.000000
vn 0.866016 0.500016 0.000000
vn 0.866016 0.500016 0.000000
vn 0.840030 0.542540 0.000000
vn 0.840030 0.542540 0.000000
vn 0.811939 0.583742 0.000000
vn 0.811939 0.583742 0.000000
vn 0.781841 0.623478 -0.000000
vn 0.781841 0.623478 0.000000
vn 0.749763 0.661706 0.000000
vn 0.749763 0.661706 0.000000
vn 0.715872 0.698232 0.000000
vn 0.715872 0.698232 0.000000
vn 0.680180 0.733045 -0.000000
vn 0.680180 0.733045 0.000000
vn 0.642788 0.766044 -0.000000
vn 0.603802 0.797134 -0.000000
vn 0.642788 0.766044 0.000000
vn 0.603802 0.797134 0.000000
vn 0.563307 0.826248 0.000000
vn 0.563307 0.826248 0.000000
vn 0.521450 0.853282 -0.000000
vn 0.478248 0.878225 -0.000000
vn 0.521450 0.853282 0.000000
vn 0.433884 0.900969 -0.000000
vn 0.478248 0.878225 0.000000
vn 0.433884 0.900969 0.000000
vn 0.388441 0.921474 0.000000
vn 0.388441 0.921474 0.000000
vn 0.342013 0.939695 0.000000
vn 0.342013 0.939695 0.000000
vn 0.294758 0.955572 0.000000
vn 0.294758 0.955572 -0.000000
vn 0.246762 0.969076 0.000000
vn 0.246762 0.969076 0.000000
vn 0.198141 0.980174 0.000000
vn 0.198141 0.980174 -0.000000
vn 0.149040 0.988831 -0.000000
vn 0.099569 0.995031 -0.000000
vn 0.149040 0.988831 0.000000
vn 0.049848 0.998757 -0.000000
vn 0.099569 0.995031 0.000000
vn 0.049848 0.998757 0.000000
vn 0.000000 1.000000 0.000000
vn -0.000000 1.000000 0.000000
vn -0.049848 0.998757 -0.000000
vn -0.049848 0.998757 0.000000
vn -0.099569 0.995031 0.000000
vn -0.099569 0.995031 0.000000
vn -0.149040 0.988831 0.000000
vn -0.198141 0.980174 0.000000
vn -0.149040 0.988831 0.000000
vn -0.198141 0.980174 0.000000
vn -0.246762 0.969076 -0.000000
vn -0.246762 0.969076 0.000000
vn -0.294758 0.955572 0.000000
vn -0.294758 0.955572 0.000000
vn -0.342013 0.939695 -0.000000
vn -0.342013 0.939695 0.000000
vn -0.388441 0.921474 -0.000000
vn -0.388441 0.921474 0.000000
vn -0.433884 0.900969 -0.000000
vn -0.433884 0.900969 0.000000
vn -0.478248 0.878225 -0.000000
vn -0.478248 0.878225 0.000000
vn -0.521450 0.853282 0.000000
vn -0.521450 0.853282 0.000000
vn -0.563307 0.826248 -0.000000
vn -0.603802 0.797134 0.000000
vn -0.563307 0.826248 0.000000
vn -0.603802 0.797134 -0.000000
vn -0.642788 0.766044 0.000000
vn -0.680180 0.733045 0.000000
vn -0.642788 0.766044 0.000000
vn -0.680180 0.733045 0.000000
vn -0.715872 0.698232 -0.000000
vn -0.715872 0.698232 0.000000
vn -0.749763 0.661706 0.000000
vn -0.749763 0.661706 -0.000000
vn -0.781841 0.623478 0.000000
vn -0.781841 0.623478 0.000000
vn -0.811939 0.583742 0.000000
vn -0.811939 0.583742 -0.000000
vn -0.840030 0.542540 0.000000
vn -0.840030 0.542540 -0.000000
vn -0.866016 0.500016 0.000000
vn -0.866016 0.500016 -0.000000
vn -0.889878 0.456198 0.000000
vn -0.889878 0.456198 0.000000
vn -0.911511 0.411277 0.000000
vn -0.911511 0.411277 0.000000
vn -0.930864 0.365367 0.000000
vn -0.930864 0.365367 0.000000
vn -0.947928 0.318484 0.000000
vn -0.947928 0.318484 0.000000
vn -0.962627 0.270832 0.000000
vn -0.962627 0.270832 0.000000
vn -0.974927 0.222523 0.000000
vn -0.974927 0.222523 -0.000000
vn -0.984814 0.173615 0.000000
vn -0.984814 0.173615 -0.000000
vn -0.992235 0.124376 -0.000000
vn -0.992235 0.124376 0.000000
vn -0.997206 0.074703 0.000000
vn -0.997206 0.074703 -0.000000
vn -0.999688 0.024974 -0.000000
vn -0.999688 0.024974 0.000000
f 1//1 2//1 3//1
f 3//2 2//2 4//2
f 5//3 1//3 6//3
f 6//4 1//4 3//4
f 2//5 7//5 4//5
f 4//6 7//6 8//6
f 9//7 1//7 10//7
f 10//8 1//8 11//8
f 11//9 1//9 12//9
f 12//10 1//10 5//10
f 9//11 13//11 1//11
f 13//12 14//12 1//12
f 15//13 2//13 16//13
f 16//14 2//14 17//14
f 17//15 2//15 18//15
f 18//16 2//16 19//16
f 19//17 2//17 20//17
f 20//18 2//18 21//18
f 21//19 2//19 22//19
f 22//20 2//20 23//20
f 23//21 2//21 14//21
f 14//22 2//22 1//22
f 24//23 25//23 26//23
f 26//24 25//24 27//24
f 27//25 25//25 28//25
f 28//26 25//26 29//26
f 29//27 25//27 30//27
f 24//28 31//28 25//28
f 30//29 7//29 32//29
f 32//30 7//30 33//30
f 33//31 7//31 34//31
f 34//32 7//32 35//32
f 35//33 7//33 36//33
f 36//34 7//34 37//34
f 37//35 7//35 38//35
f 38//36 7//36 39//36
f 39//37 7//37 15//37
f 15//38 7//38 2//38
f 25//39 7//39 30//39
f 3//40 40//40 41//40
f 3//41 41//41 42//41
f 3//42 42//42 43//42
f 3//43 43//43 6//43
f 44//44 40//44 3//44
f 45//45 44//45 3//45
f 4//46 46//46 47//46
f 4//47 47//47 48//47
f 4//48 48//48 49//48
f 4//49 49//49 50//49
f 4//50 50//50 51//50
f 4//51 51//51 52//51
f 4//52 52//52 53//52
f 4//53 53//53 54//53
f 4//54 54//54 45//54
f 4//55 45//55 3//55
f 55//56 56//56 57//56
f 55//57 57//57 58//57
f 55//58 58//58 59//58
f 55//59 59//59 60//59
f 55//60 60//60 61//60
f 62//61 56//61 55//61
f 8//62 61//62 63//62
f 8//63 63//63 64//63
f 8//64 64//64 65//64
f 8//65 65//65 66//65
f 8//66 66//66 67//66
f 8//67 67//67 68//67
f 8//68 68//68 69//68
f 8//69 69//69 70//69
f 8//70 70//70 46//70
f 8//71 46//71 4//71
f 8//72 55//72 61//72
f 6//73 71//73 5//73
f 5//74 71//74 72//74
f 71//75 73//75 72//75
f 72//76 73//76 74//76
f 73//77 75//77 74//77
f 74//78 75//78 76//78
f 76//79 75//79 77//79
f 75//80 78//80 77//80
f 78//81 79//81 77//81
f 77//82 79//82 80//82
f 79//83 81//83 80//83
f 80//84 81//84 82//84
f 82//85 81//85 83//85
f 81//86 84//86 83//86
f 84//87 85//87 83//87
f 83//88 85//88 86//88
f 85//89 87//89 86//89
f 86//90 87//90 88//90
f 87//91 89//91 88//91
f 88//92 89//92 90//92
f 89//93 91//93 90//93
f 90//94 91//94 92//94
f 91//95 93//95 92//95
f 92//96 93//96 94//96
f 94//97 93//97 95//97
f 93//98 96//98 95//98
f 96//99 97//99 95//99
f 95//100 97//100 98//100
f 97//101 99//101 98//101
f 98//102 99//102 100//102
f 100//103 101//103 102//103
f 99//104 101//104 100//104
f 102//105 103//105 104//105
f 101//106 103//106 102//106
f 104//107 105//107 106//107
f 103//108 105//108 104//108
f 106//109 107//109 108//109
f 105//110 107//110 106//110
f 108//111 109//111 110//111
f 110//112 109//112 111//112
f 107//113 109//113 108//113
f 111//114 112//114 113//114
f 109//115 112//115 111//115
f 112//116 114//116 113//116
f 113//117 115//117 116//117
f 114//118 115//118 113//118
f 116//119 117//119 118//119
f 118//120 117//120 119//120
f 115//121 117//121 116//121
f 117//122 120//122 119//122
f 120//123 121//123 119//123
f 119//124 121//124 122//124
f 121//125 123//125 122//125
f 122//126 123//126 124//126
f 123//127 125//127 124//127
f 124//128 125//128 126//128
f 126//129 125//129 127//129
f 125//130 128//130 127//130
f 128//131 129//131 127//131
f 127//132 129//132 130//132
f 129//133 131//133 130//133
f 130//134 131//134 132//134
f 131//135 133//135 132//135
f 132//136 133//136 134//136
f 133//137 135//137 134//137
f 134//138 135//138 136//138
f 135//139 137//139 136//139
f 136//140 137//140 138//140
f 137//141 139//141 138//141
f 138//142 139//142 140//142
f 139//143 141//143 140//143
f 140//144 141//144 142//144
f 141//145 143//145 142//145
f 142//146 143//146 144//146
f 143//147 145//147 144//147
f 144//148 145//148 146//148
f 145//149 147//149 146//149
f 146//150 147//150 148//150
f 147//151 149//151 148//151
f 148//152 149//152 150//152
f 149//153 151//153 150//153
f 150//154 151//154 152//154
f 151//155 153//155 152//155
f 152//156 153//156 154//156
f 153//157 155//157 154//157
f 154//158 155//158 156//158
f 155//159 157//159 156//159
f 156//160 157//160 158//160
f 157//161 159//161 158//161
f 158//162 159//162 160//162
f 159//163 161//163 160//163
f 160//164 161//164 162//164
f 161//165 163//165 162//165
f 162//166 163//166 164//166
f 163//167 165//167 164//167
f 164//168 165//168 166//168
f 7//169 25//169 8//169
f 8//170 25//170 55//170
f 167//171 168//171 169//171
f 170//172 171//172 172//172
f 167//173 173//173 168//173
f 171//174 174//174 172//174
f 175//175 176//175 177//175
f 177//176 176//176 178//176
f 168//177 179//177 180//177
f 180//178 181//178 168//178
f 168//179 182//179 179//179
f 181//180 183//180 168//180
f 173//181 184//181 168//181
f 168//182 184//182 182//182
f 183//183 185//183 168//183
f 168//184 185//184 171//184
f 173//185 186//185 184//185
f 185//186 187//186 171//186
f 173//187 188//187 186//187
f 187//188 189//188 171//188
f 173//189 190//189 188//189
f 189//190 191//190 171//190
f 173//191 192//191 190//191
f 191//192 193//192 171//192
f 173//193 194//193 192//193
f 193//194 195//194 171//194
f 173//195 196//195 194//195
f 171//196 197//196 174//196
f 195//197 197//197 171//197
f 178//198 198//198 173//198
f 173//199 198//199 196//199
f 197//200 199//200 174//200
f 178//201 200//201 198//201
f 199//202 201//202 174//202
f 178//203 202//203 200//203
f 201//204 203//204 174//204
f 178//205 204//205 202//205
f 203//206 205//206 174//206
f 178//207 206//207 204//207
f 205//208 207//208 174//208
f 178//209 208//209 206//209
f 207//210 209//210 174//210
f 176//211 210//211 178//211
f 178//212 210//212 208//212
f 174//213 211//213 212//213
f 209//214 211//214 174//214
f 176//215 213//215 210//215
f 211//216 214//216 212//216
f 176//217 215//217 213//217
f 212//218 216//218 217//218
f 217//219 216//219 218//219
f 214//220 219//220 212//220
f 176//221 220//221 215//221
f 219//222 221//222 212//222
f 176//223 222//223 220//223
f 221//224 223//224 212//224
f 176//225 224//225 222//225
f 223//226 225//226 212//226
f 226//227 227//227 176//227
f 176//228 227//228 224//228
f 212//229 228//229 216//229
f 225//230 228//230 212//230
f 226//231 229//231 227//231
f 228//232 230//232 216//232
f 226//233 231//233 229//233
f 230//234 232//234 216//234
f 226//235 233//235 231//235
f 232//236 234//236 216//236
f 226//237 235//237 233//237
f 234//238 236//238 216//238
f 226//239 237//239 235//239
f 236//240 238//240 216//240
f 226//241 239//241 237//241
f 238//242 240//242 216//242
f 216//243 240//243 241//243
f 226//244 242//244 239//244
f 240//245 243//245 241//245
f 243//246 244//246 241//246
f 244//247 245//247 241//247
f 245//248 246//248 241//248
f 246//249 247//249 241//249
f 247//250 248//250 241//250
f 249//251 250//251 251//251
f 252//252 250//252 249//252
f 253//253 250//253 252//253
f 254//254 250//254 253//254
f 255//255 250//255 254//255
f 242//256 250//256 255//256
f 226//257 250//257 242//257
f 256//258 250//258 257//258
f 257//259 250//259 226//259
f 258//260 259//260 260//260
f 261//261 259//261 258//261
f 262//262 259//262 261//262
f 263//263 259//263 262//263
f 264//264 259//264 263//264
f 251//265 259//265 264//265
f 250//266 259//266 251//266
f 241//267 265//267 266//267
f 241//268 267//268 265//268
f 267//269 12//269 5//269
f 267//270 11//270 12//270
f 267//271 10//271 11//271
f 241//272 9//272 267//272
f 267//273 9//273 10//273
f 248//274 13//274 241//274
f 268//275 13//275 248//275
f 241//276 13//276 9//276
f 269//277 14//277 268//277
f 268//278 14//278 13//278
f 269//279 23//279 14//279
f 270//280 23//280 269//280
f 270//281 22//281 23//281
f 271//282 22//282 270//282
f 272//283 22//283 271//283
f 272//284 21//284 22//284
f 273//285 21//285 272//285
f 273//286 20//286 21//286
f 274//287 20//287 273//287
f 274//288 19//288 20//288
f 275//289 19//289 274//289
f 276//290 19//290 275//290
f 276//291 18//291 19//291
f 277//292 18//292 276//292
f 277//293 17//293 18//293
f 278//294 17//294 277//294
f 278//295 16//295 17//295
f 279//296 16//296 278//296
f 279//297 15//297 16//297
f 280//298 15//298 281//298
f 281//299 15//299 279//299
f 282//300 39//300 280//300
f 280//301 39//301 15//301
f 282//302 38//302 39//302
f 283//303 38//303 282//303
f 283//304 37//304 38//304
f 284//305 37//305 283//305
f 284//306 36//306 37//306
f 285//307 36//307 284//307
f 286//308 36//308 285//308
f 286//309 35//309 36//309
f 287//310 35//310 286//310
f 288//311 289//311 290//311
f 291//312 289//312 288//312
f 259//313 289//313 260//313
f 292//314 289//314 291//314
f 293//315 289//315 292//315
f 260//316 289//316 293//316
f 290//317 289//317 294//317
f 287//318 34//318 35//318
f 295//319 34//319 287//319
f 296//320 33//320 295//320
f 297//321 33//321 296//321
f 295//322 33//322 34//322
f 289//323 298//323 294//323
f 299//324 298//324 300//324
f 301//325 298//325 299//325
f 302//326 298//326 301//326
f 303//327 298//327 302//327
f 304//328 298//328 303//328
f 305//329 298//329 304//329
f 294//330 298//330 305//330
f 259//331 306//331 289//331
f 307//332 306//332 259//332
f 297//333 32//333 33//333
f 308//334 32//334 297//334
f 309//335 30//335 308//335
f 308//336 30//336 32//336
f 309//337 29//337 30//337
f 310//338 29//338 309//338
f 24//339 311//339 31//339
f 26//340 311//340 24//340
f 27//341 311//341 26//341
f 28//342 311//342 27//342
f 298//343 312//343 300//343
f 313//344 312//344 314//344
f 315//345 312//345 313//345
f 316//346 312//346 315//346
f 317//347 312//347 316//347
f 318//348 312//348 317//348
f 300//349 312//349 318//349
f 29//350 319//350 28//350
f 28//351 319//351 311//351
f 320//352 319//352 310//352
f 312//353 319//353 314//353
f 321//354 319//354 320//354
f 322//355 319//355 321//355
f 323//356 319//356 322//356
f 324//357 319//357 323//357
f 314//358 319//358 324//358
f 310//359 319//359 29//359
f 298//360 325//360 312//360
f 325//361 326//361 312//361
f 319//362 327//362 311//362
f 319//363 328//363 327//363
f 25//364 31//364 55//364
f 55//365 31//365 62//365
f 329//366 330//366 331//366
f 332//367 333//367 334//367
f 335//368 330//368 329//368
f 336//369 332//369 334//369
f 337//370 338//370 339//370
f 337//371 339//371 340//371
f 341//372 329//372 342//372
f 343//373 342//373 329//373
f 344//374 329//374 341//374
f 345//375 343//375 329//375
f 346//376 335//376 329//376
f 346//377 329//377 344//377
f 347//378 345//378 329//378
f 347//379 329//379 332//379
f 348//380 335//380 346//380
f 349//381 347//381 332//381
f 350//382 335//382 348//382
f 351//383 349//383 332//383
f 352//384 335//384 350//384
f 353//385 351//385 332//385
f 354//386 335//386 352//386
f 355//387 353//387 332//387
f 356//388 335//388 354//388
f 357//389 355//389 332//389
f 358//390 335//390 356//390
f 359//391 332//391 336//391
f 359//392 357//392 332//392
f 360//393 340//393 335//393
f 360//394 335//394 358//394
f 361//395 359//395 336//395
f 362//396 340//396 360//396
f 363//397 361//397 336//397
f 364//398 340//398 362//398
f 365//399 363//399 336//399
f 366//400 340//400 364//400
f 367//401 365//401 336//401
f 368//402 340//402 366//402
f 369//403 367//403 336//403
f 370//404 340//404 368//404
f 371//405 369//405 336//405
f 372//406 337//406 340//406
f 372//407 340//407 370//407
f 373//408 336//408 374//408
f 373//409 371//409 336//409
f 375//410 337//410 372//410
f 376//411 373//411 374//411
f 377//412 337//412 375//412
f 378//413 374//413 379//413
f 378//414 379//414 380//414
f 381//415 376//415 374//415
f 382//416 337//416 377//416
f 383//417 381//417 374//417
f 384//418 337//418 382//418
f 385//419 383//419 374//419
f 386//420 337//420 384//420
f 387//421 385//421 374//421
f 388//422 389//422 337//422
f 388//423 337//423 386//423
f 390//424 374//424 378//424
f 390//425 387//425 374//425
f 391//426 389//426 388//426
f 392//427 390//427 378//427
f 393//428 389//428 391//428
f 394//429 392//429 378//429
f 395//430 389//430 393//430
f 396//431 394//431 378//431
f 397//432 389//432 395//432
f 398//433 396//433 378//433
f 399//434 389//434 397//434
f 400//435 398//435 378//435
f 401//436 389//436 399//436
f 402//437 400//437 378//437
f 402//438 378//438 403//438
f 404//439 389//439 401//439
f 405//440 402//440 403//440
f 406//441 405//441 403//441
f 407//442 406//442 403//442
f 408//443 407//443 403//443
f 409//444 408//444 403//444
f 410//445 409//445 403//445
f 411//446 412//446 413//446
f 411//447 414//447 412//447
f 411//448 415//448 414//448
f 411//449 416//449 415//449
f 411//450 417//450 416//450
f 411//451 404//451 417//451
f 411//452 389//452 404//452
f 411//453 418//453 419//453
f 411//454 419//454 389//454
f 420//455 421//455 422//455
f 420//456 423//456 421//456
f 420//457 424//457 423//457
f 420//458 425//458 424//458
f 420//459 426//459 425//459
f 420//460 413//460 426//460
f 420//461 411//461 413//461
f 427//462 403//462 428//462
f 429//463 403//463 427//463
f 43//464 429//464 6//464
f 42//465 429//465 43//465
f 41//466 429//466 42//466
f 40//467 403//467 429//467
f 40//468 429//468 41//468
f 44//469 410//469 403//469
f 44//470 430//470 410//470
f 44//471 403//471 40//471
f 45//472 431//472 430//472
f 45//473 430//473 44//473
f 54//474 431//474 45//474
f 54//475 432//475 431//475
f 53//476 432//476 54//476
f 53//477 433//477 432//477
f 53//478 434//478 433//478
f 52//479 434//479 53//479
f 52//480 435//480 434//480
f 51//481 435//481 52//481
f 51//482 436//482 435//482
f 50//483 436//483 51//483
f 50//484 437//484 436//484
f 50//485 438//485 437//485
f 49//486 438//486 50//486
f 49//487 439//487 438//487
f 48//488 439//488 49//488
f 48//489 440//489 439//489
f 47//490 440//490 48//490
f 47//491 441//491 440//491
f 46//492 441//492 47//492
f 46//493 442//493 443//493
f 46//494 443//494 441//494
f 70//495 444//495 442//495
f 70//496 442//496 46//496
f 69//497 444//497 70//497
f 69//498 445//498 444//498
f 68//499 445//499 69//499
f 68//500 446//500 445//500
f 67//501 446//501 68//501
f 67//502 447//502 446//502
f 67//503 448//503 447//503
f 66//504 448//504 67//504
f 66//505 449//505 448//505
f 450//506 451//506 452//506
f 450//507 453//507 451//507
f 450//508 420//508 422//508
f 450//509 454//509 453//509
f 450//510 455//510 454//510
f 450//511 422//511 455//511
f 450//512 452//512 456//512
f 65//513 449//513 66//513
f 65//514 457//514 449//514
f 64//515 458//515 457//515
f 64//516 459//516 458//516
f 64//517 457//517 65//517
f 460//518 450//518 456//518
f 460//519 461//519 462//519
f 460//520 463//520 461//520
f 460//521 464//521 463//521
f 460//522 465//522 464//522
f 460//523 466//523 465//523
f 460//524 467//524 466//524
f 460//525 456//525 467//525
f 468//526 420//526 450//526
f 468//527 469//527 420//527
f 63//528 459//528 64//528
f 63//529 470//529 459//529
f 61//530 471//530 470//530
f 61//531 470//531 63//531
f 60//532 471//532 61//532
f 60//533 472//533 471//533
f 473//534 56//534 62//534
f 473//535 57//535 56//535
f 473//536 58//536 57//536
f 473//537 59//537 58//537
f 474//538 460//538 462//538
f 474//539 475//539 476//539
f 474//540 477//540 475//540
f 474//541 478//541 477//541
f 474//542 479//542 478//542
f 474//543 480//543 479//543
f 474//544 462//544 480//544
f 481//545 60//545 59//545
f 481//546 59//546 473//546
f 481//547 482//547 472//547
f 481//548 474//548 476//548
f 481//549 483//549 482//549
f 481//550 484//550 483//550
f 481//551 485//551 484//551
f 481//552 486//552 485//552
f 481//553 476//553 486//553
f 481//554 472//554 60//554
f 487//555 460//555 474//555
f 488//556 487//556 474//556
f 489//557 481//557 473//557
f 490//558 481//558 489//558
f 165//559 491//559 166//559
f 166//560 491//560 492//560
f 491//561 493//561 492//561
f 492//562 493//562 494//562
f 493//563 495//563 494//563
f 494//564 495//564 496//564
f 495//565 497//565 496//565
f 496//566 497//566 498//566
f 497//567 499//567 498//567
f 498//568 499//568 500//568
f 500//569 499//569 501//569
f 499//570 502//570 501//570
f 502//571 503//571 501//571
f 501//572 503//572 504//572
f 503//573 505//573 504//573
f 504//574 505//574 506//574
f 506//575 505//575 507//575
f 505//576 508//576 507//576
f 508//577 509//577 507//577
f 507//578 509//578 510//578
f 510//579 509//579 511//579
f 509//580 512//580 511//580
f 511//581 512//581 513//581
f 512//582 514//582 513//582
f 514//583 515//583 513//583
f 513//584 515//584 516//584
f 515//585 517//585 516//585
f 516//586 517//586 518//586
f 518//587 517//587 519//587
f 519//588 520//588 521//588
f 517//589 520//589 519//589
f 520//590 522//590 521//590
f 521//591 523//591 524//591
f 524//592 523//592 525//592
f 522//593 523//593 521//593
f 523//594 526//594 525//594
f 525//595 527//595 528//595
f 528//596 527//596 529//596
f 526//597 527//597 525//597
f 527//598 530//598 529//598
f 529//599 531//599 532//599
f 532//600 531//600 533//600
f 530//601 531//601 529//601
f 531//602 534//602 533//602
f 533//603 535//603 536//603
f 534//604 535//604 533//604
f 536//605 537//605 538//605
f 538//606 537//606 539//606
f 535//607 537//607 536//607
f 537//608 540//608 539//608
f 540//609 541//609 539//609
f 539//610 541//610 542//610
f 542//611 541//611 543//611
f 541//612 544//612 543//612
f 543//613 544//613 545//613
f 544//614 546//614 545//614
f 545//615 546//615 547//615
f 546//616 548//616 547//616
f 548//617 549//617 547//617
f 547//618 549//618 550//618
f 550//619 549//619 551//619
f 549//620 552//620 551//620
f 552//621 553//621 551//621
f 551//622 553//622 554//622
f 553//623 555//623 554//623
f 554//624 555//624 556//624
f 555//625 557//625 556//625
f 556//626 557//626 558//626
f 557//627 559//627 558//627
f 558//628 559//628 560//628
f 560//629 559//629 561//629
f 559//630 562//630 561//630
f 562//631 563//631 561//631
f 561//632 563//632 564//632
f 563//633 565//633 564//633
f 564//634 565//634 566//634
f 565//635 567//635 566//635
f 566//636 567//636 568//636
f 568//637 567//637 569//637
f 567//638 570//638 569//638
f 570//639 571//639 569//639
f 569//640 571//640 572//640
f 572//641 571//641 573//641
f 571//642 574//642 573//642
f 573//643 574//643 575//643
f 574//644 576//644 575//644
f 576//645 577//645 575//645
f 575//646 577//646 578//646
f 578//647 577//647 579//647
f 577//648 580//648 579//648
f 580//649 581//649 579//649
f 579//650 581//650 582//650
f 581//651 583//651 582//651
f 582//652 583//652 584//652
f 584//653 583//653 31//653
f 583//654 62//654 31//654
f 585//655 167//655 169//655
f 169//656 170//656 585//656
f 170//657 172//657 585//657
f 585//658 177//658 167//658
f 169//659 168//659 170//659
f 168//660 171//660 170//660
f 177//661 173//661 167//661
f 177//662 178//662 173//662
f 172//663 217//663 585//663
f 172//664 212//664 217//664
f 174//665 212//665 172//665
f 175//666 257//666 176//666
f 176//667 257//667 226//667
f 216//668 241//668 218//668
f 241//669 266//669 218//669
f 175//670 586//670 257//670
f 257//671 586//671 256//671
f 586//672 307//672 256//672
f 256//673 307//673 250//673
f 250//674 307//674 259//674
f 267//675 5//675 72//675
f 72//676 74//676 267//676
f 74//677 76//677 267//677
f 267//678 77//678 265//678
f 76//679 77//679 267//679
f 77//680 80//680 265//680
f 80//681 82//681 265//681
f 82//682 83//682 265//682
f 83//683 86//683 265//683
f 86//684 88//684 265//684
f 88//685 90//685 265//685
f 90//686 92//686 265//686
f 92//687 94//687 265//687
f 94//688 95//688 265//688
f 95//689 98//689 265//689
f 98//690 100//690 265//690
f 100//691 102//691 265//691
f 102//692 104//692 265//692
f 104//693 106//693 265//693
f 106//694 108//694 265//694
f 108//695 110//695 265//695
f 110//696 111//696 265//696
f 111//697 113//697 265//697
f 265//698 116//698 266//698
f 113//699 116//699 265//699
f 116//700 118//700 266//700
f 586//701 306//701 307//701
f 118//702 119//702 266//702
f 119//703 122//703 266//703
f 122//704 124//704 266//704
f 124//705 126//705 266//705
f 311//706 584//706 31//706
f 311//707 582//707 584//707
f 311//708 579//708 582//708
f 311//709 578//709 579//709
f 586//710 325//710 306//710
f 306//711 325//711 289//711
f 289//712 325//712 298//712
f 312//713 326//713 319//713
f 311//714 327//714 578//714
f 556//715 327//715 554//715
f 558//716 327//716 556//716
f 560//717 327//717 558//717
f 561//718 327//718 560//718
f 564//719 327//719 561//719
f 566//720 327//720 564//720
f 568//721 327//721 566//721
f 569//722 327//722 568//722
f 572//723 327//723 569//723
f 573//724 327//724 572//724
f 575//725 327//725 573//725
f 578//726 327//726 575//726
f 327//727 551//727 554//727
f 327//728 550//728 551//728
f 327//729 547//729 550//729
f 327//730 545//730 547//730
f 326//731 328//731 319//731
f 327//732 543//732 545//732
f 327//733 542//733 543//733
f 327//734 539//734 542//734
f 328//735 539//735 327//735
f 328//736 538//736 539//736
f 328//737 536//737 538//737
f 328//738 533//738 536//738
f 328//739 532//739 533//739
f 328//740 529//740 532//740
f 136//741 587//741 134//741
f 138//742 588//742 136//742
f 136//743 588//743 587//743
f 134//744 589//744 132//744
f 587//745 589//745 134//745
f 138//746 590//746 588//746
f 140//747 590//747 138//747
f 132//748 591//748 130//748
f 589//749 591//749 132//749
f 142//750 592//750 140//750
f 140//751 592//751 590//751
f 130//752 593//752 127//752
f 591//753 593//753 130//753
f 144//754 594//754 142//754
f 142//755 594//755 592//755
f 127//756 595//756 126//756
f 126//757 595//757 266//757
f 593//758 595//758 127//758
f 146//759 596//759 144//759
f 144//760 596//760 594//760
f 595//761 597//761 266//761
f 148//762 598//762 146//762
f 146//763 598//763 596//763
f 597//764 599//764 266//764
f 150//765 600//765 148//765
f 148//766 600//766 598//766
f 599//767 601//767 266//767
f 152//768 602//768 150//768
f 150//769 602//769 600//769
f 601//770 603//770 266//770
f 154//771 604//771 152//771
f 152//772 604//772 602//772
f 603//773 605//773 266//773
f 156//774 606//774 154//774
f 154//775 606//775 604//775
f 156//776 607//776 606//776
f 158//777 607//777 156//777
f 160//778 608//778 158//778
f 158//779 608//779 607//779
f 160//780 609//780 608//780
f 162//781 609//781 160//781
f 162//782 610//782 609//782
f 164//783 610//783 162//783
f 164//784 611//784 610//784
f 166//785 611//785 164//785
f 166//786 612//786 611//786
f 166//787 613//787 612//787
f 492//788 613//788 166//788
f 494//789 614//789 492//789
f 492//790 614//790 613//790
f 494//791 615//791 614//791
f 496//792 615//792 494//792
f 496//793 616//793 615//793
f 498//794 616//794 496//794
f 500//795 617//795 498//795
f 498//796 617//796 616//796
f 500//797 618//797 617//797
f 501//798 618//798 500//798
f 504//799 619//799 501//799
f 501//800 619//800 618//800
f 506//801 620//801 504//801
f 504//802 620//802 619//802
f 507//803 621//803 506//803
f 506//804 621//804 620//804
f 510//805 622//805 507//805
f 507//806 622//806 621//806
f 511//807 623//807 510//807
f 510//808 623//808 622//808
f 511//809 624//809 623//809
f 513//810 624//810 511//810
f 516//811 625//811 513//811
f 513//812 625//812 624//812
f 518//813 626//813 516//813
f 516//814 626//814 625//814
f 519//815 627//815 518//815
f 518//816 627//816 626//816
f 521//817 628//817 519//817
f 519//818 628//818 627//818
f 217//819 629//819 585//819
f 218//820 629//820 217//820
f 605//821 630//821 266//821
f 266//822 630//822 218//822
f 218//823 630//823 629//823
f 631//824 630//824 605//824
f 521//825 632//825 628//825
f 524//826 632//826 521//826
f 631//827 633//827 630//827
f 634//828 633//828 631//828
f 634//829 635//829 633//829
f 636//830 635//830 634//830
f 637//831 635//831 636//831
f 525//832 638//832 524//832
f 524//833 638//833 632//833
f 637//834 639//834 635//834
f 640//835 639//835 637//835
f 641//836 639//836 640//836
f 528//837 642//837 525//837
f 525//838 642//838 638//838
f 641//839 643//839 639//839
f 644//840 643//840 641//840
f 645//841 643//841 644//841
f 328//842 646//842 529//842
f 529//843 646//843 528//843
f 528//844 646//844 642//844
f 645//845 647//845 643//845
f 648//846 647//846 645//846
f 649//847 647//847 648//847
f 328//848 650//848 646//848
f 328//849 651//849 650//849
f 649//850 652//850 647//850
f 653//851 652//851 649//851
f 654//852 652//852 653//852
f 328//853 655//853 651//853
f 328//854 656//854 655//854
f 657//855 658//855 654//855
f 659//856 658//856 657//856
f 654//857 658//857 652//857
f 328//858 660//858 656//858
f 659//859 661//859 658//859
f 662//860 661//860 659//860
f 663//861 661//861 662//861
f 664//862 661//862 663//862
f 664//863 665//863 661//863
f 666//864 665//864 664//864
f 667//865 665//865 666//865
f 668//866 665//866 667//866
f 668//867 669//867 665//867
f 670//868 669//868 668//868
f 671//869 669//869 670//869
f 672//870 669//870 671//870
f 672//871 673//871 669//871
f 674//872 673//872 672//872
f 675//873 673//873 674//873
f 676//874 673//874 675//874
f 676//875 677//875 673//875
f 678//876 677//876 676//876
f 679//877 677//877 678//877
f 680//878 677//878 679//878
f 680//879 681//879 677//879
f 682//880 681//880 680//880
f 683//881 681//881 682//881
f 684//882 681//882 683//882
f 685//883 681//883 684//883
f 686//884 687//884 685//884
f 688//885 687//885 686//885
f 689//886 687//886 688//886
f 685//887 687//887 681//887
f 689//888 690//888 687//888
f 691//889 690//889 692//889
f 693//890 690//890 691//890
f 694//891 690//891 689//891
f 692//892 690//892 694//892
f 693//893 695//893 690//893
f 696//894 695//894 693//894
f 697//895 695//895 696//895
f 698//896 695//896 697//896
f 698//897 699//897 695//897
f 700//898 699//898 698//898
f 701//899 699//899 700//899
f 702//900 699//900 701//900
f 703//901 699//901 702//901
f 703//902 704//902 699//902
f 705//903 704//903 703//903
f 706//904 704//904 705//904
f 707//905 704//905 706//905
f 707//906 708//906 704//906
f 709//907 708//907 707//907
f 710//908 708//908 709//908
f 711//909 708//909 710//909
f 711//910 712//910 708//910
f 713//911 712//911 711//911
f 714//912 712//912 713//912
f 715//913 712//913 714//913
f 716//914 717//914 715//914
f 718//915 717//915 716//915
f 719//916 717//916 718//916
f 715//917 717//917 712//917
f 720//918 721//918 719//918
f 722//919 721//919 720//919
f 723//920 721//920 722//920
f 719//921 721//921 717//921
f 723//922 724//922 721//922
f 725//923 724//923 723//923
f 726//924 724//924 725//924
f 726//925 727//925 724//925
f 728//926 727//926 726//926
f 729//927 727//927 728//927
f 729//928 730//928 727//928
f 731//929 730//929 729//929
f 732//930 730//930 731//930
f 732//931 733//931 730//931
f 734//932 733//932 732//932
f 735//933 733//933 734//933
f 736//934 737//934 738//934
f 735//935 737//935 733//935
f 738//936 737//936 735//936
f 739//937 740//937 736//937
f 741//938 740//938 739//938
f 736//939 740//939 737//939
f 742//940 743//940 741//940
f 741//941 743//941 740//941
f 660//942 744//942 742//942
f 326//943 744//943 328//943
f 328//944 744//944 660//944
f 742//945 744//945 743//945
f 326//946 745//946 744//946
f 586//947 745//947 325//947
f 325//948 745//948 326//948
f 585//949 586//949 175//949
f 585//950 175//950 177//950
f 330//951 746//951 331//951
f 333//952 331//952 746//952
f 334//953 333//953 746//953
f 339//954 746//954 330//954
f 329//955 331//955 333//955
f 332//956 329//956 333//956
f 335//957 339//957 330//957
f 340//958 339//958 335//958
f 379//959 334//959 746//959
f 374//960 334//960 379//960
f 374//961 336//961 334//961
f 419//962 338//962 337//962
f 419//963 337//963 389//963
f 403//964 378//964 380//964
f 428//965 403//965 380//965
f 747//966 338//966 419//966
f 747//967 419//967 418//967
f 469//968 747//968 418//968
f 469//969 418//969 411//969
f 469//970 411//970 420//970
f 6//971 429//971 71//971
f 73//972 71//972 429//972
f 75//973 73//973 429//973
f 78//974 429//974 427//974
f 78//975 75//975 429//975
f 79//976 78//976 427//976
f 81//977 79//977 427//977
f 84//978 81//978 427//978
f 85//979 84//979 427//979
f 87//980 85//980 427//980
f 89//981 87//981 427//981
f 91//982 89//982 427//982
f 93//983 91//983 427//983
f 96//984 93//984 427//984
f 97//985 96//985 427//985
f 99//986 97//986 427//986
f 101//987 99//987 427//987
f 103//988 101//988 427//988
f 105//989 103//989 427//989
f 107//990 105//990 427//990
f 109//991 107//991 427//991
f 112//992 109//992 427//992
f 114//993 112//993 427//993
f 115//994 427//994 428//994
f 115//995 114//995 427//995
f 117//996 115//996 428//996
f 468//997 747//997 469//997
f 120//998 117//998 428//998
f 121//999 120//999 428//999
f 123//1000 121//1000 428//1000
f 125//1001 123//1001 428//1001
f 583//1002 473//1002 62//1002
f 581//1003 473//1003 583//1003
f 580//1004 473//1004 581//1004
f 577//1005 473//1005 580//1005
f 487//1006 747//1006 468//1006
f 487//1007 468//1007 450//1007
f 487//1008 450//1008 460//1008
f 488//1009 474//1009 481//1009
f 489//1010 473//1010 577//1010
f 489//1011 555//1011 553//1011
f 489//1012 557//1012 555//1012
f 489//1013 559//1013 557//1013
f 489//1014 562//1014 559//1014
f 489//1015 563//1015 562//1015
f 489//1016 565//1016 563//1016
f 489//1017 567//1017 565//1017
f 489//1018 570//1018 567//1018
f 489//1019 571//1019 570//1019
f 489//1020 574//1020 571//1020
f 489//1021 576//1021 574//1021
f 489//1022 577//1022 576//1022
f 552//1023 489//1023 553//1023
f 549//1024 489//1024 552//1024
f 548//1025 489//1025 549//1025
f 546//1026 489//1026 548//1026
f 490//1027 488//1027 481//1027
f 544//1028 489//1028 546//1028
f 541//1029 489//1029 544//1029
f 540//1030 489//1030 541//1030
f 540//1031 490//1031 489//1031
f 537//1032 490//1032 540//1032
f 535//1033 490//1033 537//1033
f 534//1034 490//1034 535//1034
f 531//1035 490//1035 534//1035
f 530//1036 490//1036 531//1036
f 748//1037 135//1037 133//1037
f 749//1038 137//1038 135//1038
f 749//1039 135//1039 748//1039
f 750//1040 133//1040 131//1040
f 750//1041 748//1041 133//1041
f 751//1042 137//1042 749//1042
f 751//1043 139//1043 137//1043
f 752//1044 131//1044 129//1044
f 752//1045 750//1045 131//1045
f 753//1046 141//1046 139//1046
f 753//1047 139//1047 751//1047
f 754//1048 129//1048 128//1048
f 754//1049 752//1049 129//1049
f 755//1050 143//1050 141//1050
f 755//1051 141//1051 753//1051
f 756//1052 128//1052 125//1052
f 756//1053 125//1053 428//1053
f 756//1054 754//1054 128//1054
f 757//1055 145//1055 143//1055
f 757//1056 143//1056 755//1056
f 758//1057 756//1057 428//1057
f 759//1058 147//1058 145//1058
f 759//1059 145//1059 757//1059
f 760//1060 758//1060 428//1060
f 761//1061 149//1061 147//1061
f 761//1062 147//1062 759//1062
f 762//1063 760//1063 428//1063
f 763//1064 151//1064 149//1064
f 763//1065 149//1065 761//1065
f 764//1066 762//1066 428//1066
f 765//1067 153//1067 151//1067
f 765//1068 151//1068 763//1068
f 766//1069 764//1069 428//1069
f 767//1070 155//1070 153//1070
f 767//1071 153//1071 765//1071
f 768//1072 155//1072 767//1072
f 768//1073 157//1073 155//1073
f 769//1074 159//1074 157//1074
f 769//1075 157//1075 768//1075
f 770//1076 159//1076 769//1076
f 770//1077 161//1077 159//1077
f 771//1078 161//1078 770//1078
f 771//1079 163//1079 161//1079
f 772//1080 163//1080 771//1080
f 772//1081 165//1081 163//1081
f 773//1082 165//1082 772//1082
f 774//1083 165//1083 773//1083
f 774//1084 491//1084 165//1084
f 775//1085 493//1085 491//1085
f 775//1086 491//1086 774//1086
f 776//1087 493//1087 775//1087
f 776//1088 495//1088 493//1088
f 777//1089 495//1089 776//1089
f 777//1090 497//1090 495//1090
f 778//1091 499//1091 497//1091
f 778//1092 497//1092 777//1092
f 779//1093 499//1093 778//1093
f 779//1094 502//1094 499//1094
f 780//1095 503//1095 502//1095
f 780//1096 502//1096 779//1096
f 781//1097 505//1097 503//1097
f 781//1098 503//1098 780//1098
f 782//1099 508//1099 505//1099
f 782//1100 505//1100 781//1100
f 783//1101 509//1101 508//1101
f 783//1102 508//1102 782//1102
f 784//1103 512//1103 509//1103
f 784//1104 509//1104 783//1104
f 785//1105 512//1105 784//1105
f 785//1106 514//1106 512//1106
f 786//1107 515//1107 514//1107
f 786//1108 514//1108 785//1108
f 787//1109 517//1109 515//1109
f 787//1110 515//1110 786//1110
f 788//1111 520//1111 517//1111
f 788//1112 517//1112 787//1112
f 789//1113 522//1113 520//1113
f 789//1114 520//1114 788//1114
f 790//1115 379//1115 746//1115
f 790//1116 380//1116 379//1116
f 791//1117 766//1117 428//1117
f 791//1118 428//1118 380//1118
f 791//1119 380//1119 790//1119
f 791//1120 792//1120 766//1120
f 793//1121 522//1121 789//1121
f 793//1122 523//1122 522//1122
f 794//1123 792//1123 791//1123
f 794//1124 795//1124 792//1124
f 796//1125 795//1125 794//1125
f 796//1126 797//1126 795//1126
f 796//1127 798//1127 797//1127
f 799//1128 526//1128 523//1128
f 799//1129 523//1129 793//1129
f 800//1130 798//1130 796//1130
f 800//1131 801//1131 798//1131
f 800//1132 802//1132 801//1132
f 803//1133 527//1133 526//1133
f 803//1134 526//1134 799//1134
f 804//1135 802//1135 800//1135
f 804//1136 805//1136 802//1136
f 804//1137 806//1137 805//1137
f 807//1138 490//1138 530//1138
f 807//1139 530//1139 527//1139
f 807//1140 527//1140 803//1140
f 808//1141 806//1141 804//1141
f 808//1142 809//1142 806//1142
f 808//1143 810//1143 809//1143
f 811//1144 490//1144 807//1144
f 812//1145 490//1145 811//1145
f 813//1146 810//1146 808//1146
f 813//1147 814//1147 810//1147
f 813//1148 815//1148 814//1148
f 816//1149 490//1149 812//1149
f 817//1150 490//1150 816//1150
f 818//1151 819//1151 815//1151
f 818//1152 820//1152 819//1152
f 818//1153 815//1153 813//1153
f 821//1154 490//1154 817//1154
f 822//1155 820//1155 818//1155
f 822//1156 823//1156 820//1156
f 822//1157 824//1157 823//1157
f 822//1158 825//1158 824//1158
f 826//1159 825//1159 822//1159
f 826//1160 827//1160 825//1160
f 826//1161 828//1161 827//1161
f 826//1162 829//1162 828//1162
f 830//1163 829//1163 826//1163
f 830//1164 831//1164 829//1164
f 830//1165 832//1165 831//1165
f 830//1166 833//1166 832//1166
f 834//1167 833//1167 830//1167
f 834//1168 835//1168 833//1168
f 834//1169 836//1169 835//1169
f 834//1170 837//1170 836//1170
f 838//1171 837//1171 834//1171
f 838//1172 839//1172 837//1172
f 838//1173 840//1173 839//1173
f 838//1174 841//1174 840//1174
f 842//1175 841//1175 838//1175
f 842//1176 843//1176 841//1176
f 842//1177 844//1177 843//1177
f 842//1178 845//1178 844//1178
f 842//1179 846//1179 845//1179
f 847//1180 848//1180 846//1180
f 847//1181 849//1181 848//1181
f 847//1182 850//1182 849//1182
f 847//1183 846//1183 842//1183
f 851//1184 850//1184 847//1184
f 851//1185 852//1185 853//1185
f 851//1186 854//1186 852//1186
f 851//1187 855//1187 850//1187
f 851//1188 853//1188 855//1188
f 856//1189 854//1189 851//1189
f 856//1190 857//1190 854//1190
f 856//1191 858//1191 857//1191
f 856//1192 859//1192 858//1192
f 860//1193 859//1193 856//1193
f 860//1194 861//1194 859//1194
f 860//1195 862//1195 861//1195
f 860//1196 863//1196 862//1196
f 860//1197 864//1197 863//1197
f 865//1198 864//1198 860//1198
f 865//1199 866//1199 864//1199
f 865//1200 867//1200 866//1200
f 865//1201 868//1201 867//1201
f 869//1202 868//1202 865//1202
f 869//1203 870//1203 868//1203
f 869//1204 871//1204 870//1204
f 869//1205 872//1205 871//1205
f 873//1206 872//1206 869//1206
f 873//1207 874//1207 872//1207
f 873//1208 875//1208 874//1208
f 873//1209 876//1209 875//1209
f 877//1210 878//1210 876//1210
f 877//1211 879//1211 878//1211
f 877//1212 880//1212 879//1212
f 877//1213 876//1213 873//1213
f 881//1214 882//1214 880//1214
f 881//1215 883//1215 882//1215
f 881//1216 884//1216 883//1216
f 881//1217 880//1217 877//1217
f 885//1218 884//1218 881//1218
f 885//1219 886//1219 884//1219
f 885//1220 887//1220 886//1220
f 888//1221 887//1221 885//1221
f 888//1222 889//1222 887//1222
f 888//1223 890//1223 889//1223
f 891//1224 890//1224 888//1224
f 891//1225 892//1225 890//1225
f 891//1226 893//1226 892//1226
f 894//1227 893//1227 891//1227
f 894//1228 895//1228 893//1228
f 894//1229 896//1229 895//1229
f 897//1230 898//1230 899//1230
f 897//1231 896//1231 894//1231
f 897//1232 899//1232 896//1232
f 900//1233 901//1233 898//1233
f 900//1234 902//1234 901//1234
f 900//1235 898//1235 897//1235
f 903//1236 904//1236 902//1236
f 903//1237 902//1237 900//1237
f 905//1238 821//1238 904//1238
f 905//1239 488//1239 490//1239
f 905//1240 490//1240 821//1240
f 905//1241 904//1241 903//1241
f 906//1242 488//1242 905//1242
f 906//1243 747//1243 487//1243
f 906//1244 487//1244 488//1244
f 747//1245 746//1245 338//1245
f 338//1246 746//1246 339//1246
f 180//1247 183//1247 181//1247
f 182//1248 184//1248 179//1248
f 186//1249 188//1249 184//1249
f 187//1250 191//1250 189//1250
f 191//1251 195//1251 193//1251
f 197//1252 201//1252 199//1252
f 204//1253 206//1253 202//1253
f 203//1254 207//1254 205//1254
f 203//1255 209//1255 207//1255
f 201//1256 209//1256 203//1256
f 211//1257 219//1257 214//1257
f 211//1258 221//1258 219//1258
f 209//1259 221//1259 211//1259
f 224//1260 227//1260 222//1260
f 222//1261 227//1261 220//1261
f 220//1262 227//1262 215//1262
f 215//1263 227//1263 213//1263
f 213//1264 227//1264 210//1264
f 223//1265 228//1265 225//1265
f 223//1266 230//1266 228//1266
f 221//1267 230//1267 223//1267
f 235//1268 237//1268 233//1268
f 236//1269 240//1269 238//1269
f 230//1270 243//1270 232//1270
f 232//1271 243//1271 234//1271
f 234//1272 243//1272 236//1272
f 236//1273 243//1273 240//1273
f 242//1274 255//1274 239//1274
f 239//1275 255//1275 237//1275
f 243//1276 245//1276 244//1276
f 243//1277 246//1277 245//1277
f 249//1278 251//1278 252//1278
f 246//1279 269//1279 247//1279
f 247//1280 269//1280 248//1280
f 248//1281 269//1281 268//1281
f 264//1282 263//1282 251//1282
f 209//1283 271//1283 221//1283
f 269//1284 271//1284 270//1284
f 221//1285 271//1285 230//1285
f 246//1286 271//1286 269//1286
f 230//1287 271//1287 243//1287
f 243//1288 271//1288 246//1288
f 197//1289 271//1289 201//1289
f 201//1290 271//1290 209//1290
f 195//1291 271//1291 197//1291
f 261//1292 258//1292 262//1292
f 271//1293 275//1293 272//1293
f 272//1294 275//1294 273//1294
f 273//1295 275//1295 274//1295
f 293//1296 292//1296 260//1296
f 260//1297 292//1297 258//1297
f 275//1298 279//1298 276//1298
f 276//1299 279//1299 277//1299
f 277//1300 279//1300 278//1300
f 187//1301 279//1301 191//1301
f 271//1302 279//1302 275//1302
f 191//1303 279//1303 195//1303
f 195//1304 279//1304 271//1304
f 183//1305 279//1305 185//1305
f 185//1306 279//1306 187//1306
f 279//1307 280//1307 281//1307
f 282//1308 284//1308 283//1308
f 302//1309 301//1309 303//1309
f 303//1310 301//1310 304//1310
f 304//1311 301//1311 305//1311
f 305//1312 301//1312 294//1312
f 294//1313 301//1313 290//1313
f 290//1314 301//1314 288//1314
f 288//1315 301//1315 291//1315
f 284//1316 286//1316 285//1316
f 299//1317 300//1317 301//1317
f 284//1318 287//1318 286//1318
f 280//1319 296//1319 282//1319
f 279//1320 296//1320 280//1320
f 183//1321 296//1321 279//1321
f 287//1322 296//1322 295//1322
f 284//1323 296//1323 287//1323
f 180//1324 296//1324 183//1324
f 184//1325 296//1325 179//1325
f 188//1326 296//1326 184//1326
f 196//1327 296//1327 194//1327
f 194//1328 296//1328 192//1328
f 192//1329 296//1329 190//1329
f 190//1330 296//1330 188//1330
f 179//1331 296//1331 180//1331
f 282//1332 296//1332 284//1332
f 316//1333 315//1333 317//1333
f 296//1334 309//1334 297//1334
f 297//1335 309//1335 308//1335
f 315//1336 314//1336 317//1336
f 313//1337 314//1337 315//1337
f 317//1338 314//1338 318//1338
f 309//1339 320//1339 310//1339
f 196//1340 320//1340 296//1340
f 296//1341 320//1341 309//1341
f 231//1342 320//1342 229//1342
f 229//1343 320//1343 227//1343
f 210//1344 320//1344 208//1344
f 208//1345 320//1345 206//1345
f 202//1346 320//1346 200//1346
f 200//1347 320//1347 198//1347
f 198//1348 320//1348 196//1348
f 206//1349 320//1349 202//1349
f 227//1350 320//1350 210//1350
f 314//1351 323//1351 318//1351
f 324//1352 323//1352 314//1352
f 318//1353 323//1353 300//1353
f 292//1354 322//1354 258//1354
f 320//1355 322//1355 321//1355
f 237//1356 322//1356 233//1356
f 291//1357 322//1357 292//1357
f 262//1358 322//1358 263//1358
f 255//1359 322//1359 237//1359
f 252//1360 322//1360 253//1360
f 253//1361 322//1361 254//1361
f 254//1362 322//1362 255//1362
f 231//1363 322//1363 320//1363
f 323//1364 322//1364 300//1364
f 300//1365 322//1365 301//1365
f 233//1366 322//1366 231//1366
f 263//1367 322//1367 251//1367
f 251//1368 322//1368 252//1368
f 258//1369 322//1369 262//1369
f 301//1370 322//1370 291//1370
f 345//1371 342//1371 343//1371
f 346//1372 344//1372 341//1372
f 350//1373 348//1373 346//1373
f 353//1374 349//1374 351//1374
f 357//1375 353//1375 355//1375
f 363//1376 359//1376 361//1376
f 368//1377 366//1377 364//1377
f 369//1378 365//1378 367//1378
f 371//1379 365//1379 369//1379
f 371//1380 363//1380 365//1380
f 381//1381 373//1381 376//1381
f 383//1382 373//1382 381//1382
f 383//1383 371//1383 373//1383
f 388//1384 386//1384 384//1384
f 388//1385 384//1385 382//1385
f 388//1386 382//1386 377//1386
f 388//1387 377//1387 375//1387
f 388//1388 375//1388 372//1388
f 390//1389 385//1389 387//1389
f 392//1390 385//1390 390//1390
f 392//1391 383//1391 385//1391
f 399//1392 397//1392 395//1392
f 402//1393 398//1393 400//1393
f 405//1394 392//1394 394//1394
f 405//1395 394//1395 396//1395
f 405//1396 396//1396 398//1396
f 405//1397 398//1397 402//1397
f 417//1398 404//1398 401//1398
f 417//1399 401//1399 399//1399
f 407//1400 405//1400 406//1400
f 408//1401 405//1401 407//1401
f 413//1402 412//1402 414//1402
f 431//1403 408//1403 409//1403
f 431//1404 409//1404 410//1404
f 431//1405 410//1405 430//1405
f 425//1406 426//1406 413//1406
f 433//1407 371//1407 383//1407
f 433//1408 431//1408 432//1408
f 433//1409 383//1409 392//1409
f 433//1410 408//1410 431//1410
f 433//1411 392//1411 405//1411
f 433//1412 405//1412 408//1412
f 433//1413 359//1413 363//1413
f 433//1414 363//1414 371//1414
f 433//1415 357//1415 359//1415
f 421//1416 423//1416 424//1416
f 437//1417 433//1417 434//1417
f 437//1418 434//1418 435//1418
f 437//1419 435//1419 436//1419
f 454//1420 455//1420 422//1420
f 454//1421 422//1421 421//1421
f 441//1422 437//1422 438//1422
f 441//1423 438//1423 439//1423
f 441//1424 439//1424 440//1424
f 441//1425 349//1425 353//1425
f 441//1426 433//1426 437//1426
f 441//1427 353//1427 357//1427
f 441//1428 357//1428 433//1428
f 441//1429 345//1429 347//1429
f 441//1430 347//1430 349//1430
f 442//1431 441//1431 443//1431
f 446//1432 444//1432 445//1432
f 463//1433 464//1433 465//1433
f 463//1434 465//1434 466//1434
f 463//1435 466//1435 467//1435
f 463//1436 467//1436 456//1436
f 463//1437 456//1437 452//1437
f 463//1438 452//1438 451//1438
f 463//1439 451//1439 453//1439
f 448//1440 446//1440 447//1440
f 462//1441 461//1441 463//1441
f 449//1442 446//1442 448//1442
f 458//1443 442//1443 444//1443
f 458//1444 441//1444 442//1444
f 458//1445 345//1445 441//1445
f 458//1446 449//1446 457//1446
f 458//1447 446//1447 449//1447
f 458//1448 342//1448 345//1448
f 458//1449 346//1449 341//1449
f 458//1450 350//1450 346//1450
f 458//1451 358//1451 356//1451
f 458//1452 356//1452 354//1452
f 458//1453 354//1453 352//1453
f 458//1454 352//1454 350//1454
f 458//1455 341//1455 342//1455
f 458//1456 444//1456 446//1456
f 477//1457 478//1457 479//1457
f 471//1458 458//1458 459//1458
f 471//1459 459//1459 470//1459
f 476//1460 477//1460 479//1460
f 476//1461 475//1461 477//1461
f 476//1462 479//1462 480//1462
f 482//1463 471//1463 472//1463
f 482//1464 358//1464 458//1464
f 482//1465 458//1465 471//1465
f 482//1466 393//1466 391//1466
f 482//1467 391//1467 388//1467
f 482//1468 372//1468 370//1468
f 482//1469 370//1469 368//1469
f 482//1470 364//1470 362//1470
f 482//1471 362//1471 360//1471
f 482//1472 360//1472 358//1472
f 482//1473 368//1473 364//1473
f 482//1474 388//1474 372//1474
f 485//1475 476//1475 480//1475
f 485//1476 486//1476 476//1476
f 485//1477 480//1477 462//1477
f 484//1478 454//1478 421//1478
f 484//1479 482//1479 483//1479
f 484//1480 399//1480 395//1480
f 484//1481 453//1481 454//1481
f 484//1482 424//1482 425//1482
f 484//1483 417//1483 399//1483
f 484//1484 414//1484 415//1484
f 484//1485 415//1485 416//1485
f 484//1486 416//1486 417//1486
f 484//1487 393//1487 482//1487
f 484//1488 485//1488 462//1488
f 484//1489 462//1489 463//1489
f 484//1490 395//1490 393//1490
f 484//1491 425//1491 413//1491
f 484//1492 413//1492 414//1492
f 484//1493 421//1493 424//1493
f 484//1494 463//1494 453//1494
f 906//1495 745//1495 586//1495
f 906//1496 586//1496 747//1496
f 585//1497 746//1497 586//1497
f 586//1498 746//1498 747//1498
f 639//1499 907//1499 635//1499
f 635//1500 907//1500 633//1500
f 633//1501 907//1501 630//1501
f 630//1502 907//1502 629//1502
f 907//1503 908//1503 629//1503
f 639//1504 909//1504 907//1504
f 665//1505 909//1505 661//1505
f 661//1506 909//1506 658//1506
f 658//1507 909//1507 652//1507
f 652//1508 909//1508 647//1508
f 647//1509 909//1509 643//1509
f 643//1510 909//1510 639//1510
f 907//1511 910//1511 908//1511
f 909//1512 911//1512 907//1512
f 908//1513 912//1513 629//1513
f 908//1514 913//1514 912//1514
f 665//1515 914//1515 909//1515
f 690//1516 914//1516 687//1516
f 687//1517 914//1517 681//1517
f 681//1518 914//1518 677//1518
f 677//1519 914//1519 673//1519
f 673//1520 914//1520 669//1520
f 669//1521 914//1521 665//1521
f 914//1522 915//1522 909//1522
f 912//1523 916//1523 629//1523
f 917//1524 916//1524 912//1524
f 690//1525 918//1525 914//1525
f 717//1526 918//1526 712//1526
f 712//1527 918//1527 708//1527
f 708//1528 918//1528 704//1528
f 704//1529 918//1529 699//1529
f 699//1530 918//1530 695//1530
f 695//1531 918//1531 690//1531
f 914//1532 918//1532 919//1532
f 920//1533 921//1533 916//1533
f 733//1534 922//1534 730//1534
f 730//1535 922//1535 727//1535
f 727//1536 922//1536 724//1536
f 724//1537 922//1537 721//1537
f 721//1538 922//1538 717//1538
f 717//1539 922//1539 918//1539
f 918//1540 922//1540 923//1540
f 733//1541 737//1541 922//1541
f 924//1542 925//1542 921//1542
f 737//1543 926//1543 922//1543
f 744//1544 926//1544 743//1544
f 743//1545 926//1545 740//1545
f 740//1546 926//1546 737//1546
f 922//1547 926//1547 927//1547
f 925//1548 928//1548 921//1548
f 921//1549 928//1549 916//1549
f 744//1550 745//1550 926//1550
f 925//1551 929//1551 928//1551
f 929//1552 930//1552 931//1552
f 925//1553 930//1553 929//1553
f 932//1554 930//1554 925//1554
f 930//1555 933//1555 931//1555
f 745//1556 934//1556 926//1556
f 926//1557 934//1557 935//1557
f 930//1558 936//1558 933//1558
f 930//1559 937//1559 936//1559
f 930//1560 938//1560 937//1560
f 939//1561 940//1561 930//1561
f 930//1562 941//1562 938//1562
f 940//1563 941//1563 930//1563
f 745//1564 942//1564 934//1564
f 934//1565 942//1565 943//1565
f 940//1566 944//1566 941//1566
f 940//1567 945//1567 944//1567
f 940//1568 946//1568 945//1568
f 947//1569 948//1569 940//1569
f 940//1570 949//1570 946//1570
f 942//1571 950//1571 951//1571
f 940//1572 952//1572 949//1572
f 948//1573 953//1573 940//1573
f 940//1574 953//1574 952//1574
f 954//1575 955//1575 948//1575
f 950//1576 956//1576 957//1576
f 948//1577 958//1577 953//1577
f 948//1578 959//1578 958//1578
f 960//1579 961//1579 955//1579
f 956//1580 962//1580 963//1580
f 964//1581 962//1581 961//1581
f 948//1582 965//1582 959//1582
f 948//1583 966//1583 965//1583
f 948//1584 967//1584 966//1584
f 955//1585 968//1585 948//1585
f 948//1586 968//1586 967//1586
f 955//1587 969//1587 968//1587
f 955//1588 970//1588 969//1588
f 955//1589 971//1589 970//1589
f 955//1590 972//1590 971//1590
f 955//1591 973//1591 972//1591
f 955//1592 974//1592 973//1592
f 961//1593 974//1593 955//1593
f 961//1594 975//1594 974//1594
f 961//1595 976//1595 975//1595
f 961//1596 977//1596 976//1596
f 961//1597 978//1597 977//1597
f 961//1598 979//1598 978//1598
f 961//1599 980//1599 979//1599
f 962//1600 980//1600 961//1600
f 962//1601 981//1601 980//1601
f 950//1602 981//1602 956//1602
f 956//1603 981//1603 962//1603
f 745//1604 981//1604 950//1604
f 745//1605 950//1605 942//1605
f 928//1606 629//1606 916//1606
f 629//1607 790//1607 585//1607
f 585//1608 790//1608 746//1608
f 853//1609 852//1609 692//1609
f 692//1610 852//1610 691//1610
f 691//1611 854//1611 693//1611
f 693//1612 854//1612 696//1612
f 852//1613 854//1613 691//1613
f 854//1614 857//1614 696//1614
f 696//1615 858//1615 697//1615
f 697//1616 858//1616 698//1616
f 857//1617 858//1617 696//1617
f 698//1618 859//1618 700//1618
f 858//1619 859//1619 698//1619
f 859//1620 861//1620 700//1620
f 700//1621 862//1621 701//1621
f 861//1622 862//1622 700//1622
f 701//1623 863//1623 702//1623
f 702//1624 863//1624 703//1624
f 862//1625 863//1625 701//1625
f 863//1626 864//1626 703//1626
f 703//1627 866//1627 705//1627
f 864//1628 866//1628 703//1628
f 866//1629 867//1629 705//1629
f 705//1630 867//1630 706//1630
f 867//1631 868//1631 706//1631
f 706//1632 868//1632 707//1632
f 868//1633 870//1633 707//1633
f 707//1634 870//1634 709//1634
f 870//1635 871//1635 709//1635
f 709//1636 871//1636 710//1636
f 871//1637 872//1637 710//1637
f 710//1638 872//1638 711//1638
f 872//1639 874//1639 711//1639
f 711//1640 874//1640 713//1640
f 874//1641 875//1641 713//1641
f 713//1642 875//1642 714//1642
f 875//1643 876//1643 714//1643
f 714//1644 876//1644 715//1644
f 876//1645 878//1645 715//1645
f 715//1646 878//1646 716//1646
f 878//1647 879//1647 716//1647
f 716//1648 879//1648 718//1648
f 879//1649 880//1649 718//1649
f 718//1650 880//1650 719//1650
f 880//1651 882//1651 719//1651
f 719//1652 882//1652 720//1652
f 720//1653 882//1653 722//1653
f 882//1654 883//1654 722//1654
f 722//1655 884//1655 723//1655
f 723//1656 884//1656 725//1656
f 883//1657 884//1657 722//1657
f 884//1658 886//1658 725//1658
f 725//1659 887//1659 726//1659
f 886//1660 887//1660 725//1660
f 726//1661 889//1661 728//1661
f 728//1662 889//1662 729//1662
f 887//1663 889//1663 726//1663
f 889//1664 890//1664 729//1664
f 729//1665 892//1665 731//1665
f 890//1666 892//1666 729//1666
f 731//1667 893//1667 732//1667
f 732//1668 893//1668 734//1668
f 892//1669 893//1669 731//1669
f 893//1670 895//1670 734//1670
f 734//1671 896//1671 735//1671
f 735//1672 896//1672 738//1672
f 895//1673 896//1673 734//1673
f 896//1674 899//1674 738//1674
f 738//1675 898//1675 736//1675
f 736//1676 898//1676 739//1676
f 899//1677 898//1677 738//1677
f 898//1678 901//1678 739//1678
f 901//1679 902//1679 739//1679
f 739//1680 902//1680 741//1680
f 902//1681 904//1681 741//1681
f 741//1682 904//1682 742//1682
f 904//1683 821//1683 742//1683
f 742//1684 821//1684 660//1684
f 821//1685 817//1685 660//1685
f 660//1686 817//1686 656//1686
f 817//1687 816//1687 656//1687
f 656//1688 816//1688 655//1688
f 816//1689 812//1689 655//1689
f 655//1690 812//1690 651//1690
f 812//1691 811//1691 651//1691
f 651//1692 811//1692 650//1692
f 650//1693 811//1693 646//1693
f 811//1694 807//1694 646//1694
f 807//1695 803//1695 646//1695
f 646//1696 803//1696 642//1696
f 642//1697 803//1697 638//1697
f 803//1698 799//1698 638//1698
f 638//1699 799//1699 632//1699
f 799//1700 793//1700 632//1700
f 632//1701 793//1701 628//1701
f 793//1702 789//1702 628//1702
f 789//1703 788//1703 628//1703
f 628//1704 788//1704 627//1704
f 788//1705 787//1705 627//1705
f 627//1706 787//1706 626//1706
f 787//1707 786//1707 626//1707
f 626//1708 786//1708 625//1708
f 786//1709 785//1709 625//1709
f 625//1710 785//1710 624//1710
f 785//1711 784//1711 624//1711
f 624//1712 784//1712 623//1712
f 784//1713 783//1713 623//1713
f 623//1714 783//1714 622//1714
f 783//1715 782//1715 622//1715
f 622//1716 782//1716 621//1716
f 782//1717 781//1717 621//1717
f 621//1718 781//1718 620//1718
f 781//1719 780//1719 620//1719
f 620//1720 780//1720 619//1720
f 619//1721 780//1721 618//1721
f 618//1722 779//1722 617//1722
f 780//1723 779//1723 618//1723
f 779//1724 778//1724 617//1724
f 617//1725 777//1725 616//1725
f 616//1726 777//1726 615//1726
f 778//1727 777//1727 617//1727
f 615//1728 776//1728 614//1728
f 777//1729 776//1729 615//1729
f 776//1730 775//1730 614//1730
f 775//1731 774//1731 614//1731
f 614//1732 774//1732 613//1732
f 774//1733 773//1733 613//1733
f 613//1734 773//1734 612//1734
f 773//1735 772//1735 612//1735
f 612//1736 772//1736 611//1736
f 772//1737 771//1737 611//1737
f 611//1738 771//1738 610//1738
f 771//1739 770//1739 610//1739
f 610//1740 770//1740 609//1740
f 770//1741 769//1741 609//1741
f 609//1742 769//1742 608//1742
f 769//1743 768//1743 608//1743
f 608//1744 768//1744 607//1744
f 768//1745 767//1745 607//1745
f 607//1746 767//1746 606//1746
f 767//1747 765//1747 606//1747
f 606//1748 765//1748 604//1748
f 765//1749 763//1749 604//1749
f 604//1750 763//1750 602//1750
f 763//1751 761//1751 602//1751
f 602//1752 761//1752 600//1752
f 761//1753 759//1753 600//1753
f 600//1754 759//1754 598//1754
f 759//1755 757//1755 598//1755
f 598//1756 757//1756 596//1756
f 596//1757 755//1757 594//1757
f 757//1758 755//1758 596//1758
f 594//1759 753//1759 592//1759
f 755//1760 753//1760 594//1760
f 592//1761 751//1761 590//1761
f 753//1762 751//1762 592//1762
f 590//1763 749//1763 588//1763
f 751//1764 749//1764 590//1764
f 588//1765 748//1765 587//1765
f 749//1766 748//1766 588//1766
f 587//1767 750//1767 589//1767
f 748//1768 750//1768 587//1768
f 589//1769 752//1769 591//1769
f 591//1770 752//1770 593//1770
f 750//1771 752//1771 589//1771
f 752//1772 754//1772 593//1772
f 593//1773 756//1773 595//1773
f 754//1774 756//1774 593//1774
f 595//1775 758//1775 597//1775
f 597//1776 758//1776 599//1776
f 756//1777 758//1777 595//1777
f 599//1778 760//1778 601//1778
f 758//1779 760//1779 599//1779
f 760//1780 762//1780 601//1780
f 601//1781 764//1781 603//1781
f 762//1782 764//1782 601//1782
f 764//1783 766//1783 603//1783
f 603//1784 766//1784 605//1784
f 766//1785 792//1785 605//1785
f 605//1786 792//1786 631//1786
f 792//1787 795//1787 631//1787
f 631//1788 795//1788 634//1788
f 795//1789 797//1789 634//1789
f 634//1790 797//1790 636//1790
f 636//1791 798//1791 637//1791
f 637//1792 798//1792 640//1792
f 797//1793 798//1793 636//1793
f 640//1794 801//1794 641//1794
f 798//1795 801//1795 640//1795
f 801//1796 802//1796 641//1796
f 641//1797 805//1797 644//1797
f 802//1798 805//1798 641//1798
f 644//1799 806//1799 645//1799
f 805//1800 806//1800 644//1800
f 645//1801 809//1801 648//1801
f 806//1802 809//1802 645//1802
f 648//1803 810//1803 649//1803
f 649//1804 810//1804 653//1804
f 809//1805 810//1805 648//1805
f 810//1806 814//1806 653//1806
f 653//1807 815//1807 654//1807
f 814//1808 815//1808 653//1808
f 654//1809 819//1809 657//1809
f 815//1810 819//1810 654//1810
f 657//1811 820//1811 659//1811
f 819//1812 820//1812 657//1812
f 659//1813 823//1813 662//1813
f 820//1814 823//1814 659//1814
f 662//1815 824//1815 663//1815
f 823//1816 824//1816 662//1816
f 663//1817 825//1817 664//1817
f 824//1818 825//1818 663//1818
f 664//1819 827//1819 666//1819
f 825//1820 827//1820 664//1820
f 666//1821 828//1821 667//1821
f 667//1822 828//1822 668//1822
f 827//1823 828//1823 666//1823
f 828//1824 829//1824 668//1824
f 668//1825 831//1825 670//1825
f 670//1826 831//1826 671//1826
f 829//1827 831//1827 668//1827
f 831//1828 832//1828 671//1828
f 671//1829 833//1829 672//1829
f 832//1830 833//1830 671//1830
f 833//1831 835//1831 672//1831
f 672//1832 835//1832 674//1832
f 835//1833 836//1833 674//1833
f 674//1834 836//1834 675//1834
f 836//1835 837//1835 675//1835
f 675//1836 837//1836 676//1836
f 837//1837 839//1837 676//1837
f 676//1838 839//1838 678//1838
f 839//1839 840//1839 678//1839
f 678//1840 840//1840 679//1840
f 840//1841 841//1841 679//1841
f 679//1842 841//1842 680//1842
f 841//1843 843//1843 680//1843
f 680//1844 843//1844 682//1844
f 843//1845 844//1845 682//1845
f 682//1846 844//1846 683//1846
f 844//1847 845//1847 683//1847
f 683//1848 845//1848 684//1848
f 845//1849 846//1849 684//1849
f 684//1850 846//1850 685//1850
f 846//1851 848//1851 685//1851
f 685//1852 848//1852 686//1852
f 848//1853 849//1853 686//1853
f 686//1854 849//1854 688//1854
f 688//1855 850//1855 689//1855
f 849//1856 850//1856 688//1856
f 850//1857 855//1857 689//1857
f 689//1858 855//1858 694//1858
f 694//1859 853//1859 692//1859
f 855//1860 853//1860 694//1860
f 982//1861 800//1861 796//1861
f 982//1862 796//1862 794//1862
f 982//1863 794//1863 791//1863
f 982//1864 791//1864 790//1864
f 983//1865 982//1865 790//1865
f 984//1866 800//1866 982//1866
f 984//1867 826//1867 822//1867
f 984//1868 822//1868 818//1868
f 984//1869 818//1869 813//1869
f 984//1870 813//1870 808//1870
f 984//1871 808//1871 804//1871
f 984//1872 804//1872 800//1872
f 985//1873 982//1873 983//1873
f 986//1874 984//1874 982//1874
f 987//1875 983//1875 790//1875
f 988//1876 983//1876 987//1876
f 989//1877 826//1877 984//1877
f 989//1878 851//1878 847//1878
f 989//1879 847//1879 842//1879
f 989//1880 842//1880 838//1880
f 989//1881 838//1881 834//1881
f 989//1882 834//1882 830//1882
f 989//1883 830//1883 826//1883
f 990//1884 989//1884 984//1884
f 991//1885 987//1885 790//1885
f 991//1886 992//1886 987//1886
f 993//1887 851//1887 989//1887
f 993//1888 877//1888 873//1888
f 993//1889 873//1889 869//1889
f 993//1890 869//1890 865//1890
f 993//1891 865//1891 860//1891
f 993//1892 860//1892 856//1892
f 993//1893 856//1893 851//1893
f 993//1894 989//1894 994//1894
f 995//1895 996//1895 991//1895
f 997//1896 894//1896 891//1896
f 997//1897 891//1897 888//1897
f 997//1898 888//1898 885//1898
f 997//1899 885//1899 881//1899
f 997//1900 881//1900 877//1900
f 997//1901 877//1901 993//1901
f 997//1902 993//1902 998//1902
f 897//1903 894//1903 997//1903
f 999//1904 1000//1904 995//1904
f 1001//1905 897//1905 997//1905
f 1001//1906 905//1906 903//1906
f 1001//1907 903//1907 900//1907
f 1001//1908 900//1908 897//1908
f 1001//1909 997//1909 1002//1909
f 1003//1910 999//1910 995//1910
f 1003//1911 995//1911 991//1911
f 906//1912 905//1912 1001//1912
f 1004//1913 999//1913 1003//1913
f 1005//1914 1004//1914 1006//1914
f 1005//1915 999//1915 1004//1915
f 1005//1916 1007//1916 999//1916
f 1008//1917 1005//1917 1006//1917
f 1009//1918 906//1918 1001//1918
f 1009//1919 1001//1919 1010//1919
f 1011//1920 1005//1920 1008//1920
f 1012//1921 1005//1921 1011//1921
f 1013//1922 1005//1922 1012//1922
f 1014//1923 1015//1923 1005//1923
f 1016//1924 1005//1924 1013//1924
f 1016//1925 1014//1925 1005//1925
f 1017//1926 906//1926 1009//1926
f 1017//1927 1009//1927 1018//1927
f 1019//1928 1014//1928 1016//1928
f 1020//1929 1014//1929 1019//1929
f 1021//1930 1014//1930 1020//1930
f 1022//1931 1023//1931 1014//1931
f 1024//1932 1014//1932 1021//1932
f 1025//1933 1017//1933 1026//1933
f 1027//1934 1014//1934 1024//1934
f 1028//1935 1022//1935 1014//1935
f 1028//1936 1014//1936 1027//1936
f 1029//1937 1030//1937 1022//1937
f 1031//1938 1025//1938 1032//1938
f 1033//1939 1022//1939 1028//1939
f 1034//1940 1022//1940 1033//1940
f 1035//1941 1036//1941 1029//1941
f 1037//1942 1031//1942 1038//1942
f 1037//1943 1039//1943 1035//1943
f 1040//1944 1022//1944 1034//1944
f 1041//1945 1022//1945 1040//1945
f 1042//1946 1022//1946 1041//1946
f 1043//1947 1029//1947 1022//1947
f 1043//1948 1022//1948 1042//1948
f 1044//1949 1029//1949 1043//1949
f 1045//1950 1029//1950 1044//1950
f 1046//1951 1029//1951 1045//1951
f 1047//1952 1029//1952 1046//1952
f 1048//1953 1029//1953 1047//1953
f 1049//1954 1029//1954 1048//1954
f 1049//1955 1035//1955 1029//1955
f 1050//1956 1035//1956 1049//1956
f 1051//1957 1035//1957 1050//1957
f 1052//1958 1035//1958 1051//1958
f 1053//1959 1035//1959 1052//1959
f 1054//1960 1035//1960 1053//1960
f 1055//1961 1035//1961 1054//1961
f 1055//1962 1037//1962 1035//1962
f 1056//1963 1037//1963 1055//1963
f 1056//1964 1025//1964 1031//1964
f 1056//1965 1031//1965 1037//1965
f 1056//1966 906//1966 1025//1966
f 1025//1967 906//1967 1017//1967
f 790//1968 1003//1968 991//1968
f 1057//1969 1056//1969 981//1969
f 1057//1970 981//1970 1058//1970
f 1059//1971 1058//1971 1060//1971
f 1059//1972 1057//1972 1058//1972
f 1061//1973 1060//1973 1062//1973
f 1061//1974 1059//1974 1060//1974
f 1063//1975 1062//1975 1064//1975
f 1063//1976 1061//1976 1062//1976
f 1065//1977 1064//1977 1066//1977
f 1065//1978 1063//1978 1064//1978
f 1067//1979 1066//1979 1068//1979
f 1067//1980 1065//1980 1066//1980
f 1069//1981 1068//1981 1070//1981
f 1069//1982 1067//1982 1068//1982
f 1071//1983 1070//1983 1072//1983
f 1071//1984 1069//1984 1070//1984
f 1073//1985 1071//1985 1072//1985
f 1073//1986 1072//1986 1074//1986
f 1075//1987 1073//1987 1074//1987
f 1075//1988 1074//1988 1076//1988
f 1075//1989 1076//1989 1077//1989
f 1078//1990 1075//1990 1077//1990
f 1078//1991 1077//1991 1079//1991
f 1080//1992 1078//1992 1079//1992
f 1081//1993 1080//1993 1079//1993
f 1081//1994 1079//1994 1082//1994
f 1081//1995 1082//1995 1083//1995
f 1084//1996 1081//1996 1083//1996
f 1085//1997 1084//1997 1083//1997
f 1085//1998 1083//1998 1086//1998
f 1087//1999 1085//1999 1086//1999
f 1087//2000 1086//2000 1088//2000
f 1087//2001 1088//2001 1089//2001
f 1090//2002 1087//2002 1089//2002
f 1091//2003 1090//2003 1089//2003
f 1091//2004 1089//2004 1092//2004
f 1091//2005 1092//2005 1093//2005
f 1094//2006 1091//2006 1093//2006
f 1095//2007 1094//2007 1093//2007
f 1095//2008 1093//2008 1096//2008
f 1097//2009 1096//2009 1098//2009
f 1097//2010 1095//2010 1096//2010
f 1099//2011 1098//2011 1100//2011
f 1099//2012 1100//2012 1101//2012
f 1099//2013 1097//2013 1098//2013
f 1102//2014 1101//2014 1103//2014
f 1102//2015 1099//2015 1101//2015
f 1104//2016 1103//2016 1105//2016
f 1104//2017 1102//2017 1103//2017
f 1106//2018 1104//2018 1105//2018
f 1107//2019 1105//2019 1108//2019
f 1107//2020 1106//2020 1105//2020
f 1109//2021 1108//2021 1110//2021
f 1109//2022 1107//2022 1108//2022
f 1111//2023 1110//2023 1112//2023
f 1111//2024 1109//2024 1110//2024
f 1113//2025 1112//2025 1114//2025
f 1113//2026 1111//2026 1112//2026
f 1115//2027 1114//2027 1116//2027
f 1115//2028 1113//2028 1114//2028
f 1117//2029 1116//2029 1118//2029
f 1117//2030 1115//2030 1116//2030
f 906//2031 1118//2031 745//2031
f 906//2032 1117//2032 1118//2032
f 952//2033 1119//2033 949//2033
f 949//2034 1119//2034 1120//2034
f 1120//2035 1121//2035 949//2035
f 952//2036 1122//2036 1119//2036
f 1121//2037 1123//2037 949//2037
f 949//2038 1123//2038 946//2038
f 952//2039 1124//2039 1122//2039
f 1123//2040 1125//2040 946//2040
f 953//2041 1126//2041 952//2041
f 952//2042 1126//2042 1124//2042
f 1125//2043 1127//2043 946//2043
f 953//2044 1128//2044 1126//2044
f 946//2045 1129//2045 945//2045
f 1127//2046 1129//2046 946//2046
f 953//2047 1130//2047 1128//2047
f 1129//2048 1131//2048 945//2048
f 958//2049 1132//2049 953//2049
f 953//2050 1132//2050 1130//2050
f 1131//2051 1133//2051 945//2051
f 958//2052 1134//2052 1132//2052
f 945//2053 1135//2053 944//2053
f 1133//2054 1135//2054 945//2054
f 958//2055 1136//2055 1134//2055
f 1135//2056 1137//2056 944//2056
f 958//2057 1138//2057 1136//2057
f 944//2058 1139//2058 941//2058
f 1137//2059 1139//2059 944//2059
f 959//2060 1140//2060 958//2060
f 958//2061 1140//2061 1138//2061
f 1139//2062 1141//2062 941//2062
f 959//2063 1142//2063 1140//2063
f 941//2064 1143//2064 938//2064
f 1141//2065 1143//2065 941//2065
f 959//2066 1144//2066 1142//2066
f 1143//2067 1145//2067 938//2067
f 965//2068 1146//2068 959//2068
f 959//2069 1146//2069 1144//2069
f 938//2070 1147//2070 937//2070
f 1145//2071 1147//2071 938//2071
f 965//2072 1148//2072 1146//2072
f 1147//2073 1149//2073 937//2073
f 965//2074 1150//2074 1148//2074
f 1149//2075 1151//2075 937//2075
f 937//2076 1151//2076 936//2076
f 965//2077 1152//2077 1150//2077
f 1151//2078 1153//2078 936//2078
f 966//2079 1154//2079 965//2079
f 965//2080 1154//2080 1152//2080
f 936//2081 1155//2081 933//2081
f 1153//2082 1155//2082 936//2082
f 966//2083 1156//2083 1154//2083
f 1155//2084 1157//2084 933//2084
f 966//2085 1158//2085 1156//2085
f 933//2086 1159//2086 931//2086
f 1157//2087 1159//2087 933//2087
f 967//2088 1160//2088 966//2088
f 966//2089 1160//2089 1158//2089
f 1159//2090 1161//2090 931//2090
f 931//2091 1161//2091 929//2091
f 967//2092 1162//2092 1160//2092
f 1161//2093 1163//2093 929//2093
f 967//2094 1164//2094 1162//2094
f 967//2095 1165//2095 1164//2095
f 968//2096 1166//2096 967//2096
f 967//2097 1166//2097 1165//2097
f 968//2098 1167//2098 1166//2098
f 968//2099 1168//2099 1167//2099
f 969//2100 1169//2100 968//2100
f 968//2101 1169//2101 1168//2101
f 969//2102 1170//2102 1169//2102
f 969//2103 1171//2103 1170//2103
f 970//2104 1172//2104 969//2104
f 969//2105 1172//2105 1171//2105
f 970//2106 1173//2106 1172//2106
f 970//2107 1174//2107 1173//2107
f 971//2108 1175//2108 970//2108
f 970//2109 1175//2109 1174//2109
f 971//2110 1176//2110 1175//2110
f 971//2111 1177//2111 1176//2111
f 972//2112 1178//2112 971//2112
f 971//2113 1178//2113 1177//2113
f 972//2114 1179//2114 1178//2114
f 972//2115 1180//2115 1179//2115
f 973//2116 1181//2116 972//2116
f 972//2117 1181//2117 1180//2117
f 973//2118 1182//2118 1181//2118
f 973//2119 1183//2119 1182//2119
f 974//2120 1183//2120 973//2120
f 974//2121 1184//2121 1183//2121
f 974//2122 1185//2122 1184//2122
f 975//2123 1185//2123 974//2123
f 975//2124 1186//2124 1185//2124
f 976//2125 1187//2125 975//2125
f 975//2126 1187//2126 1186//2126
f 976//2127 1188//2127 1187//2127
f 977//2128 1189//2128 976//2128
f 976//2129 1189//2129 1188//2129
f 977//2130 1190//2130 1189//2130
f 978//2131 1191//2131 977//2131
f 977//2132 1191//2132 1190//2132
f 978//2133 1192//2133 1191//2133
f 979//2134 1193//2134 978//2134
f 978//2135 1193//2135 1192//2135
f 980//2136 1194//2136 979//2136
f 979//2137 1194//2137 1193//2137
f 980//2138 1195//2138 1194//2138
f 1196//2139 1197//2139 1198//2139
f 1196//2140 1199//2140 1197//2140
f 1200//2141 1199//2141 1196//2141
f 1197//2142 1201//2142 1198//2142
f 1200//2143 1202//2143 1199//2143
f 1203//2144 1202//2144 1200//2144
f 1204//2145 1205//2145 1206//2145
f 1198//2146 1205//2146 1204//2146
f 1201//2147 1205//2147 1198//2147
f 1207//2148 1208//2148 1203//2148
f 1203//2149 1208//2149 1202//2149
f 1206//2150 1209//2150 1210//2150
f 1205//2151 1209//2151 1206//2151
f 1211//2152 1212//2152 1207//2152
f 1207//2153 1212//2153 1208//2153
f 1210//2154 1213//2154 1214//2154
f 1209//2155 1213//2155 1210//2155
f 1215//2156 1216//2156 1211//2156
f 1211//2157 1216//2157 1212//2157
f 1213//2158 1217//2158 1214//2158
f 1218//2159 1219//2159 1215//2159
f 1215//2160 1219//2160 1216//2160
f 1214//2161 1220//2161 1221//2161
f 1217//2162 1220//2162 1214//2162
f 1218//2163 1222//2163 1219//2163
f 1223//2164 1222//2164 1218//2164
f 1224//2165 1225//2165 1226//2165
f 1221//2166 1225//2166 1224//2166
f 1220//2167 1225//2167 1221//2167
f 1223//2168 1227//2168 1222//2168
f 1228//2169 1227//2169 1223//2169
f 1225//2170 1229//2170 1226//2170
f 1228//2171 1230//2171 1227//2171
f 1231//2172 1230//2172 1228//2172
f 1163//2173 1232//2173 929//2173
f 929//2174 1232//2174 928//2174
f 1229//2175 1232//2175 1226//2175
f 1226//2176 1232//2176 1163//2176
f 1233//2177 1234//2177 1231//2177
f 1231//2178 1234//2178 1230//2178
f 1232//2179 1235//2179 928//2179
f 1236//2180 1237//2180 1233//2180
f 1233//2181 1237//2181 1234//2181
f 1235//2182 1238//2182 928//2182
f 1236//2183 1239//2183 1237//2183
f 1240//2184 1239//2184 1236//2184
f 1238//2185 1241//2185 928//2185
f 1240//2186 1242//2186 1239//2186
f 1243//2187 1242//2187 1240//2187
f 1243//2188 1244//2188 1242//2188
f 1245//2189 1244//2189 1243//2189
f 1245//2190 1246//2190 1244//2190
f 1247//2191 1246//2191 1245//2191
f 1248//2192 1249//2192 1247//2192
f 1247//2193 1249//2193 1246//2193
f 1248//2194 1250//2194 1249//2194
f 1251//2195 1250//2195 1248//2195
f 1252//2196 1253//2196 1251//2196
f 1254//2197 1253//2197 1252//2197
f 1251//2198 1253//2198 1250//2198
f 1254//2199 1255//2199 1253//2199
f 1256//2200 1257//2200 1254//2200
f 1254//2201 1257//2201 1255//2201
f 1258//2202 1259//2202 1256//2202
f 1256//2203 1259//2203 1257//2203
f 1260//2204 1261//2204 1258//2204
f 1258//2205 1261//2205 1259//2205
f 1262//2206 1263//2206 1260//2206
f 1260//2207 1263//2207 1261//2207
f 1264//2208 1265//2208 1262//2208
f 1266//2209 1265//2209 1264//2209
f 1262//2210 1265//2210 1263//2210
f 1266//2211 1267//2211 1265//2211
f 1268//2212 1269//2212 1266//2212
f 1270//2213 1269//2213 1268//2213
f 1266//2214 1269//2214 1267//2214
f 1270//2215 1271//2215 1269//2215
f 1272//2216 1273//2216 1270//2216
f 1270//2217 1273//2217 1271//2217
f 1274//2218 1275//2218 1272//2218
f 1272//2219 1275//2219 1273//2219
f 1274//2220 1276//2220 1275//2220
f 1277//2221 1276//2221 1274//2221
f 1277//2222 1278//2222 1276//2222
f 1279//2223 1278//2223 1277//2223
f 1279//2224 1280//2224 1278//2224
f 1281//2225 1280//2225 1279//2225
f 1281//2226 1282//2226 1280//2226
f 1283//2227 1282//2227 1281//2227
f 1283//2228 1284//2228 1282//2228
f 1285//2229 1284//2229 1283//2229
f 1285//2230 1286//2230 1284//2230
f 1287//2231 1286//2231 1285//2231
f 1288//2232 1286//2232 1287//2232
f 1288//2233 1289//2233 1286//2233
f 1290//2234 1289//2234 1288//2234
f 1290//2235 1291//2235 1289//2235
f 1290//2236 1292//2236 1291//2236
f 1293//2237 1292//2237 1290//2237
f 1294//2238 1295//2238 1293//2238
f 1293//2239 1295//2239 1292//2239
f 1294//2240 1296//2240 1295//2240
f 1297//2241 1296//2241 1294//2241
f 1297//2242 1298//2242 1296//2242
f 1195//2243 1298//2243 1297//2243
f 980//2244 1298//2244 1195//2244
f 1241//2245 1299//2245 928//2245
f 1300//2246 1299//2246 1241//2246
f 1301//2247 1299//2247 1300//2247
f 1302//2248 1299//2248 1301//2248
f 1303//2249 1299//2249 1302//2249
f 1304//2250 1299//2250 1303//2250
f 1305//2251 1299//2251 1304//2251
f 1306//2252 1299//2252 1305//2252
f 1307//2253 1299//2253 1306//2253
f 1308//2254 1299//2254 1307//2254
f 1309//2255 1299//2255 1308//2255
f 1310//2256 1299//2256 1309//2256
f 1311//2257 1299//2257 1310//2257
f 1312//2258 1299//2258 1311//2258
f 1313//2259 1299//2259 1312//2259
f 1314//2260 1299//2260 1313//2260
f 1315//2261 1299//2261 1314//2261
f 1316//2262 1299//2262 1315//2262
f 1317//2263 1299//2263 1316//2263
f 1318//2264 1299//2264 1317//2264
f 1319//2265 1299//2265 1318//2265
f 1320//2266 1299//2266 1319//2266
f 1321//2267 1299//2267 1320//2267
f 1322//2268 1299//2268 1321//2268
f 1323//2269 1299//2269 1322//2269
f 1324//2270 1299//2270 1323//2270
f 1325//2271 1299//2271 1324//2271
f 1326//2272 1299//2272 1325//2272
f 1327//2273 1299//2273 1326//2273
f 1328//2274 1299//2274 1327//2274
f 1329//2275 1299//2275 1328//2275
f 1330//2276 1299//2276 1329//2276
f 1331//2277 1299//2277 1330//2277
f 1332//2278 1299//2278 1331//2278
f 1333//2279 1299//2279 1332//2279
f 1334//2280 1299//2280 1333//2280
f 1334//2281 1335//2281 1299//2281
f 1336//2282 1335//2282 1334//2282
f 1337//2283 1335//2283 1336//2283
f 1338//2284 1335//2284 1337//2284
f 1339//2285 1335//2285 1338//2285
f 1340//2286 1335//2286 1339//2286
f 1341//2287 1335//2287 1340//2287
f 1342//2288 1335//2288 1341//2288
f 1343//2289 1335//2289 1342//2289
f 1344//2290 1335//2290 1343//2290
f 1345//2291 1335//2291 1344//2291
f 1346//2292 1335//2292 1345//2292
f 1347//2293 1335//2293 1346//2293
f 1348//2294 1335//2294 1347//2294
f 1349//2295 1335//2295 1348//2295
f 1350//2296 1335//2296 1349//2296
f 1351//2297 1335//2297 1350//2297
f 1352//2298 1335//2298 1351//2298
f 1353//2299 1335//2299 1352//2299
f 1354//2300 1335//2300 1353//2300
f 1355//2301 1335//2301 1354//2301
f 1356//2302 1335//2302 1355//2302
f 1357//2303 1335//2303 1356//2303
f 1358//2304 1335//2304 1357//2304
f 1359//2305 1335//2305 1358//2305
f 1360//2306 1335//2306 1359//2306
f 1361//2307 1335//2307 1360//2307
f 1362//2308 1335//2308 1361//2308
f 1363//2309 1335//2309 1362//2309
f 1364//2310 1335//2310 1363//2310
f 1365//2311 1335//2311 1364//2311
f 1366//2312 1335//2312 1365//2312
f 1367//2313 1335//2313 1366//2313
f 1368//2314 1335//2314 1367//2314
f 981//2315 1335//2315 980//2315
f 980//2316 1335//2316 1368//2316
f 980//2317 1368//2317 1369//2317
f 980//2318 1369//2318 1370//2318
f 980//2319 1370//2319 1371//2319
f 980//2320 1371//2320 1372//2320
f 980//2321 1372//2321 1298//2321
f 629//2322 928//2322 1373//2322
f 629//2323 1373//2323 1374//2323
f 1374//2324 1373//2324 1375//2324
f 1374//2325 1375//2325 1376//2325
f 1374//2326 1376//2326 1377//2326
f 1374//2327 1377//2327 1378//2327
f 1374//2328 1378//2328 1379//2328
f 1374//2329 1379//2329 1380//2329
f 1374//2330 1380//2330 1381//2330
f 1374//2331 1381//2331 1382//2331
f 1374//2332 1382//2332 1383//2332
f 1374//2333 1383//2333 1384//2333
f 1384//2334 1383//2334 1385//2334
f 1385//2335 1383//2335 1386//2335
f 1386//2336 1383//2336 1387//2336
f 1387//2337 1383//2337 1388//2337
f 1388//2338 1383//2338 1389//2338
f 1389//2339 1383//2339 1390//2339
f 1390//2340 1383//2340 1391//2340
f 1391//2341 1383//2341 1392//2341
f 1392//2342 1383//2342 1393//2342
f 1393//2343 1383//2343 1394//2343
f 1393//2344 1394//2344 1395//2344
f 1393//2345 1395//2345 1396//2345
f 1393//2346 1396//2346 1397//2346
f 1393//2347 1397//2347 1398//2347
f 1393//2348 1398//2348 1399//2348
f 1393//2349 1399//2349 1400//2349
f 1393//2350 1400//2350 1401//2350
f 1393//2351 1401//2351 1402//2351
f 1393//2352 1402//2352 1403//2352
f 1118//2353 1116//2353 745//2353
f 1116//2354 1114//2354 745//2354
f 1114//2355 1112//2355 745//2355
f 1112//2356 1110//2356 745//2356
f 1110//2357 1108//2357 745//2357
f 1108//2358 1105//2358 745//2358
f 1105//2359 1103//2359 745//2359
f 1103//2360 1101//2360 745//2360
f 1101//2361 1100//2361 745//2361
f 1100//2362 1098//2362 745//2362
f 1098//2363 1096//2363 745//2363
f 1096//2364 1093//2364 745//2364
f 1093//2365 1092//2365 745//2365
f 1092//2366 1089//2366 745//2366
f 1088//2367 1086//2367 1089//2367
f 1089//2368 1086//2368 745//2368
f 1058//2369 981//2369 1060//2369
f 1060//2370 981//2370 1062//2370
f 1062//2371 981//2371 1064//2371
f 1064//2372 981//2372 1066//2372
f 1066//2373 981//2373 1068//2373
f 1068//2374 981//2374 1070//2374
f 1070//2375 981//2375 1072//2375
f 1072//2376 981//2376 1074//2376
f 1074//2377 981//2377 1076//2377
f 1076//2378 981//2378 1077//2378
f 1077//2379 981//2379 1079//2379
f 1079//2380 981//2380 1082//2380
f 1082//2381 981//2381 1083//2381
f 1083//2382 981//2382 1086//2382
f 1086//2383 981//2383 745//2383
f 955//2384 954//2384 1030//2384
f 955//2385 1030//2385 1029//2385
f 960//2386 955//2386 1029//2386
f 960//2387 1029//2387 1036//2387
f 961//2388 960//2388 1036//2388
f 961//2389 1036//2389 1035//2389
f 964//2390 961//2390 1035//2390
f 964//2391 1035//2391 1039//2391
f 962//2392 964//2392 1039//2392
f 962//2393 1039//2393 1037//2393
f 963//2394 962//2394 1037//2394
f 963//2395 1037//2395 1038//2395
f 956//2396 963//2396 1038//2396
f 956//2397 1038//2397 1031//2397
f 957//2398 956//2398 1031//2398
f 957//2399 1031//2399 1032//2399
f 950//2400 957//2400 1032//2400
f 950//2401 1032//2401 1025//2401
f 951//2402 950//2402 1025//2402
f 951//2403 1025//2403 1026//2403
f 942//2404 951//2404 1026//2404
f 942//2405 1026//2405 1017//2405
f 943//2406 942//2406 1017//2406
f 943//2407 1017//2407 1018//2407
f 934//2408 943//2408 1018//2408
f 934//2409 1018//2409 1009//2409
f 935//2410 934//2410 1009//2410
f 935//2411 1009//2411 1010//2411
f 926//2412 935//2412 1010//2412
f 926//2413 1010//2413 1001//2413
f 927//2414 926//2414 1001//2414
f 927//2415 1001//2415 1002//2415
f 922//2416 927//2416 1002//2416
f 922//2417 1002//2417 997//2417
f 923//2418 922//2418 997//2418
f 923//2419 997//2419 998//2419
f 918//2420 923//2420 998//2420
f 918//2421 998//2421 993//2421
f 919//2422 918//2422 993//2422
f 919//2423 993//2423 994//2423
f 914//2424 919//2424 994//2424
f 914//2425 994//2425 989//2425
f 915//2426 914//2426 989//2426
f 915//2427 989//2427 990//2427
f 909//2428 915//2428 990//2428
f 909//2429 990//2429 984//2429
f 911//2430 909//2430 984//2430
f 911//2431 984//2431 986//2431
f 907//2432 911//2432 986//2432
f 907//2433 986//2433 982//2433
f 910//2434 907//2434 982//2434
f 910//2435 982//2435 985//2435
f 908//2436 910//2436 985//2436
f 908//2437 985//2437 983//2437
f 913//2438 908//2438 983//2438
f 913//2439 983//2439 988//2439
f 912//2440 913//2440 988//2440
f 912//2441 988//2441 987//2441
f 917//2442 912//2442 987//2442
f 917//2443 987//2443 992//2443
f 916//2444 917//2444 992//2444
f 916//2445 992//2445 991//2445
f 920//2446 916//2446 991//2446
f 920//2447 991//2447 996//2447
f 921//2448 920//2448 996//2448
f 921//2449 996//2449 995//2449
f 924//2450 921//2450 995//2450
f 924//2451 995//2451 1000//2451
f 925//2452 924//2452 1000//2452
f 925//2453 1000//2453 999//2453
f 932//2454 925//2454 999//2454
f 932//2455 999//2455 1007//2455
f 930//2456 932//2456 1007//2456
f 930//2457 1007//2457 1005//2457
f 939//2458 930//2458 1005//2458
f 939//2459 1005//2459 1015//2459
f 940//2460 939//2460 1015//2460
f 940//2461 1015//2461 1014//2461
f 947//2462 940//2462 1014//2462
f 947//2463 1014//2463 1023//2463
f 948//2464 947//2464 1023//2464
f 948//2465 1023//2465 1022//2465
f 954//2466 948//2466 1022//2466
f 954//2467 1022//2467 1030//2467
f 790//2468 629//2468 1374//2468
f 1404//2469 790//2469 1374//2469
f 1405//2470 1374//2470 1384//2470
f 1405//2471 1404//2471 1374//2471
f 1406//2472 1384//2472 1385//2472
f 1406//2473 1405//2473 1384//2473
f 1407//2474 1385//2474 1386//2474
f 1407//2475 1406//2475 1385//2475
f 1408//2476 1386//2476 1387//2476
f 1408//2477 1407//2477 1386//2477
f 1409//2478 1387//2478 1388//2478
f 1409//2479 1388//2479 1389//2479
f 1409//2480 1408//2480 1387//2480
f 1410//2481 1389//2481 1390//2481
f 1410//2482 1409//2482 1389//2482
f 1411//2483 1410//2483 1390//2483
f 1412//2484 1411//2484 1390//2484
f 1412//2485 1390//2485 1391//2485
f 1413//2486 1412//2486 1391//2486
f 1413//2487 1391//2487 1392//2487
f 1414//2488 1413//2488 1392//2488
f 1414//2489 1392//2489 1393//2489
f 1414//2490 1393//2490 1403//2490
f 1415//2491 1414//2491 1403//2491
f 1415//2492 1403//2492 1402//2492
f 1416//2493 1415//2493 1402//2493
f 1416//2494 1402//2494 1401//2494
f 1417//2495 1416//2495 1401//2495
f 1418//2496 1417//2496 1401//2496
f 1418//2497 1401//2497 1400//2497
f 1419//2498 1418//2498 1400//2498
f 1419//2499 1400//2499 1399//2499
f 1420//2500 1419//2500 1399//2500
f 1420//2501 1399//2501 1398//2501
f 1421//2502 1420//2502 1398//2502
f 1421//2503 1398//2503 1397//2503
f 1422//2504 1421//2504 1397//2504
f 1422//2505 1397//2505 1396//2505
f 1422//2506 1396//2506 1395//2506
f 1423//2507 1422//2507 1395//2507
f 1424//2508 1395//2508 1394//2508
f 1424//2509 1423//2509 1395//2509
f 1424//2510 1394//2510 1383//2510
f 1425//2511 1383//2511 1382//2511
f 1425//2512 1424//2512 1383//2512
f 1426//2513 1425//2513 1382//2513
f 1427//2514 1382//2514 1381//2514
f 1427//2515 1426//2515 1382//2515
f 1428//2516 1381//2516 1380//2516
f 1428//2517 1427//2517 1381//2517
f 1429//2518 1380//2518 1379//2518
f 1429//2519 1428//2519 1380//2519
f 1430//2520 1379//2520 1378//2520
f 1430//2521 1429//2521 1379//2521
f 1431//2522 1378//2522 1377//2522
f 1431//2523 1377//2523 1376//2523
f 1431//2524 1430//2524 1378//2524
f 1432//2525 1431//2525 1376//2525
f 1433//2526 1376//2526 1375//2526
f 1433//2527 1432//2527 1376//2527
f 1434//2528 1375//2528 1373//2528
f 1434//2529 1373//2529 928//2529
f 1434//2530 1433//2530 1375//2530
f 1003//2531 1434//2531 928//2531
f 1435//2532 1027//2532 1024//2532
f 1435//2533 1024//2533 1436//2533
f 1437//2534 1436//2534 1024//2534
f 1438//2535 1027//2535 1435//2535
f 1439//2536 1437//2536 1024//2536
f 1439//2537 1024//2537 1021//2537
f 1440//2538 1027//2538 1438//2538
f 1441//2539 1439//2539 1021//2539
f 1442//2540 1028//2540 1027//2540
f 1442//2541 1027//2541 1440//2541
f 1443//2542 1441//2542 1021//2542
f 1444//2543 1028//2543 1442//2543
f 1445//2544 1021//2544 1020//2544
f 1445//2545 1443//2545 1021//2545
f 1446//2546 1028//2546 1444//2546
f 1447//2547 1445//2547 1020//2547
f 1448//2548 1033//2548 1028//2548
f 1448//2549 1028//2549 1446//2549
f 1449//2550 1447//2550 1020//2550
f 1450//2551 1033//2551 1448//2551
f 1451//2552 1020//2552 1019//2552
f 1451//2553 1449//2553 1020//2553
f 1452//2554 1033//2554 1450//2554
f 1453//2555 1451//2555 1019//2555
f 1454//2556 1033//2556 1452//2556
f 1455//2557 1019//2557 1016//2557
f 1455//2558 1453//2558 1019//2558
f 1456//2559 1034//2559 1033//2559
f 1456//2560 1033//2560 1454//2560
f 1457//2561 1455//2561 1016//2561
f 1458//2562 1034//2562 1456//2562
f 1459//2563 1016//2563 1013//2563
f 1459//2564 1457//2564 1016//2564
f 1460//2565 1034//2565 1458//2565
f 1461//2566 1459//2566 1013//2566
f 1462//2567 1040//2567 1034//2567
f 1462//2568 1034//2568 1460//2568
f 1463//2569 1013//2569 1012//2569
f 1463//2570 1461//2570 1013//2570
f 1464//2571 1040//2571 1462//2571
f 1465//2572 1463//2572 1012//2572
f 1466//2573 1040//2573 1464//2573
f 1467//2574 1465//2574 1012//2574
f 1467//2575 1012//2575 1011//2575
f 1468//2576 1040//2576 1466//2576
f 1469//2577 1467//2577 1011//2577
f 1470//2578 1041//2578 1040//2578
f 1470//2579 1040//2579 1468//2579
f 1471//2580 1011//2580 1008//2580
f 1471//2581 1469//2581 1011//2581
f 1472//2582 1041//2582 1470//2582
f 1473//2583 1471//2583 1008//2583
f 1474//2584 1041//2584 1472//2584
f 1475//2585 1008//2585 1006//2585
f 1475//2586 1473//2586 1008//2586
f 1476//2587 1042//2587 1041//2587
f 1476//2588 1041//2588 1474//2588
f 1477//2589 1475//2589 1006//2589
f 1477//2590 1006//2590 1004//2590
f 1478//2591 1042//2591 1476//2591
f 1479//2592 1477//2592 1004//2592
f 1480//2593 1042//2593 1478//2593
f 1481//2594 1042//2594 1480//2594
f 1482//2595 1043//2595 1042//2595
f 1482//2596 1042//2596 1481//2596
f 1483//2597 1043//2597 1482//2597
f 1484//2598 1043//2598 1483//2598
f 1485//2599 1044//2599 1043//2599
f 1485//2600 1043//2600 1484//2600
f 1486//2601 1044//2601 1485//2601
f 1487//2602 1044//2602 1486//2602
f 1488//2603 1045//2603 1044//2603
f 1488//2604 1044//2604 1487//2604
f 1489//2605 1045//2605 1488//2605
f 1490//2606 1045//2606 1489//2606
f 1491//2607 1046//2607 1045//2607
f 1491//2608 1045//2608 1490//2608
f 1492//2609 1046//2609 1491//2609
f 1493//2610 1046//2610 1492//2610
f 1494//2611 1047//2611 1046//2611
f 1494//2612 1046//2612 1493//2612
f 1495//2613 1047//2613 1494//2613
f 1496//2614 1047//2614 1495//2614
f 1497//2615 1048//2615 1047//2615
f 1497//2616 1047//2616 1496//2616
f 1498//2617 1048//2617 1497//2617
f 1499//2618 1048//2618 1498//2618
f 1499//2619 1049//2619 1048//2619
f 1500//2620 1049//2620 1499//2620
f 1501//2621 1049//2621 1500//2621
f 1501//2622 1050//2622 1049//2622
f 1502//2623 1050//2623 1501//2623
f 1503//2624 1051//2624 1050//2624
f 1503//2625 1050//2625 1502//2625
f 1504//2626 1051//2626 1503//2626
f 1505//2627 1052//2627 1051//2627
f 1505//2628 1051//2628 1504//2628
f 1506//2629 1052//2629 1505//2629
f 1507//2630 1053//2630 1052//2630
f 1507//2631 1052//2631 1506//2631
f 1508//2632 1053//2632 1507//2632
f 1509//2633 1054//2633 1053//2633
f 1509//2634 1053//2634 1508//2634
f 1510//2635 1055//2635 1054//2635
f 1510//2636 1054//2636 1509//2636
f 1511//2637 1055//2637 1510//2637
f 1512//2638 1513//2638 1514//2638
f 1515//2639 1513//2639 1512//2639
f 1515//2640 1516//2640 1513//2640
f 1517//2641 1512//2641 1514//2641
f 1518//2642 1516//2642 1515//2642
f 1518//2643 1519//2643 1516//2643
f 1520//2644 1521//2644 1522//2644
f 1520//2645 1514//2645 1521//2645
f 1520//2646 1517//2646 1514//2646
f 1523//2647 1524//2647 1519//2647
f 1523//2648 1519//2648 1518//2648
f 1525//2649 1522//2649 1526//2649
f 1525//2650 1520//2650 1522//2650
f 1527//2651 1528//2651 1524//2651
f 1527//2652 1524//2652 1523//2652
f 1529//2653 1526//2653 1530//2653
f 1529//2654 1525//2654 1526//2654
f 1531//2655 1532//2655 1528//2655
f 1531//2656 1528//2656 1527//2656
f 1533//2657 1529//2657 1530//2657
f 1534//2658 1535//2658 1532//2658
f 1534//2659 1532//2659 1531//2659
f 1536//2660 1530//2660 1537//2660
f 1536//2661 1533//2661 1530//2661
f 1538//2662 1535//2662 1534//2662
f 1538//2663 1539//2663 1535//2663
f 1540//2664 1541//2664 1542//2664
f 1540//2665 1537//2665 1541//2665
f 1540//2666 1536//2666 1537//2666
f 1543//2667 1539//2667 1538//2667
f 1543//2668 1544//2668 1539//2668
f 1545//2669 1540//2669 1542//2669
f 1546//2670 1544//2670 1543//2670
f 1546//2671 1547//2671 1544//2671
f 1548//2672 1479//2672 1004//2672
f 1548//2673 1004//2673 1003//2673
f 1548//2674 1545//2674 1542//2674
f 1548//2675 1542//2675 1479//2675
f 1549//2676 1550//2676 1547//2676
f 1549//2677 1547//2677 1546//2677
f 1551//2678 1548//2678 1003//2678
f 1552//2679 1553//2679 1550//2679
f 1552//2680 1550//2680 1549//2680
f 1554//2681 1551//2681 1003//2681
f 1555//2682 1553//2682 1552//2682
f 1555//2683 1556//2683 1553//2683
f 1557//2684 1554//2684 1003//2684
f 1558//2685 1556//2685 1555//2685
f 1558//2686 1559//2686 1556//2686
f 1560//2687 1559//2687 1558//2687
f 1560//2688 1561//2688 1559//2688
f 1562//2689 1561//2689 1560//2689
f 1562//2690 1563//2690 1561//2690
f 1564//2691 1565//2691 1563//2691
f 1564//2692 1563//2692 1562//2692
f 1566//2693 1565//2693 1564//2693
f 1566//2694 1567//2694 1565//2694
f 1568//2695 1569//2695 1567//2695
f 1568//2696 1570//2696 1569//2696
f 1568//2697 1567//2697 1566//2697
f 1571//2698 1570//2698 1568//2698
f 1572//2699 1573//2699 1570//2699
f 1572//2700 1570//2700 1571//2700
f 1574//2701 1575//2701 1573//2701
f 1574//2702 1573//2702 1572//2702
f 1576//2703 1577//2703 1575//2703
f 1576//2704 1575//2704 1574//2704
f 1578//2705 1579//2705 1577//2705
f 1578//2706 1577//2706 1576//2706
f 1580//2707 1581//2707 1579//2707
f 1580//2708 1582//2708 1581//2708
f 1580//2709 1579//2709 1578//2709
f 1583//2710 1582//2710 1580//2710
f 1584//2711 1585//2711 1582//2711
f 1584//2712 1586//2712 1585//2712
f 1584//2713 1582//2713 1583//2713
f 1587//2714 1586//2714 1584//2714
f 1588//2715 1589//2715 1586//2715
f 1588//2716 1586//2716 1587//2716
f 1590//2717 1591//2717 1589//2717
f 1590//2718 1589//2718 1588//2718
f 1592//2719 1591//2719 1590//2719
f 1592//2720 1593//2720 1591//2720
f 1594//2721 1593//2721 1592//2721
f 1594//2722 1595//2722 1593//2722
f 1596//2723 1595//2723 1594//2723
f 1596//2724 1597//2724 1595//2724
f 1598//2725 1597//2725 1596//2725
f 1598//2726 1599//2726 1597//2726
f 1600//2727 1599//2727 1598//2727
f 1600//2728 1601//2728 1599//2728
f 1602//2729 1601//2729 1600//2729
f 1602//2730 1603//2730 1601//2730
f 1602//2731 1604//2731 1603//2731
f 1605//2732 1604//2732 1602//2732
f 1605//2733 1606//2733 1604//2733
f 1607//2734 1606//2734 1605//2734
f 1608//2735 1606//2735 1607//2735
f 1608//2736 1609//2736 1606//2736
f 1610//2737 1611//2737 1609//2737
f 1610//2738 1609//2738 1608//2738
f 1612//2739 1611//2739 1610//2739
f 1612//2740 1613//2740 1611//2740
f 1614//2741 1613//2741 1612//2741
f 1614//2742 1511//2742 1613//2742
f 1614//2743 1055//2743 1511//2743
f 1615//2744 1557//2744 1003//2744
f 1615//2745 1616//2745 1557//2745
f 1615//2746 1617//2746 1616//2746
f 1615//2747 1618//2747 1617//2747
f 1615//2748 1619//2748 1618//2748
f 1615//2749 1620//2749 1619//2749
f 1615//2750 1621//2750 1620//2750
f 1615//2751 1622//2751 1621//2751
f 1615//2752 1623//2752 1622//2752
f 1615//2753 1624//2753 1623//2753
f 1615//2754 1625//2754 1624//2754
f 1615//2755 1626//2755 1625//2755
f 1615//2756 1627//2756 1626//2756
f 1615//2757 1628//2757 1627//2757
f 1615//2758 1629//2758 1628//2758
f 1615//2759 1630//2759 1629//2759
f 1615//2760 1631//2760 1630//2760
f 1615//2761 1632//2761 1631//2761
f 1615//2762 1633//2762 1632//2762
f 1615//2763 1634//2763 1633//2763
f 1615//2764 1635//2764 1634//2764
f 1615//2765 1636//2765 1635//2765
f 1615//2766 1637//2766 1636//2766
f 1615//2767 1638//2767 1637//2767
f 1615//2768 1639//2768 1638//2768
f 1615//2769 1640//2769 1639//2769
f 1615//2770 1641//2770 1640//2770
f 1615//2771 1642//2771 1641//2771
f 1615//2772 1643//2772 1642//2772
f 1615//2773 1644//2773 1643//2773
f 1615//2774 1645//2774 1644//2774
f 1615//2775 1646//2775 1645//2775
f 1615//2776 1647//2776 1646//2776
f 1615//2777 1648//2777 1647//2777
f 1615//2778 1649//2778 1648//2778
f 1615//2779 1650//2779 1649//2779
f 1651//2780 1650//2780 1615//2780
f 1651//2781 1652//2781 1650//2781
f 1651//2782 1653//2782 1652//2782
f 1651//2783 1654//2783 1653//2783
f 1651//2784 1655//2784 1654//2784
f 1651//2785 1656//2785 1655//2785
f 1651//2786 1657//2786 1656//2786
f 1651//2787 1658//2787 1657//2787
f 1651//2788 1659//2788 1658//2788
f 1651//2789 1660//2789 1659//2789
f 1651//2790 1661//2790 1660//2790
f 1651//2791 1662//2791 1661//2791
f 1651//2792 1663//2792 1662//2792
f 1651//2793 1664//2793 1663//2793
f 1651//2794 1665//2794 1664//2794
f 1651//2795 1666//2795 1665//2795
f 1651//2796 1667//2796 1666//2796
f 1651//2797 1668//2797 1667//2797
f 1651//2798 1669//2798 1668//2798
f 1651//2799 1670//2799 1669//2799
f 1651//2800 1671//2800 1670//2800
f 1651//2801 1672//2801 1671//2801
f 1651//2802 1673//2802 1672//2802
f 1651//2803 1674//2803 1673//2803
f 1651//2804 1675//2804 1674//2804
f 1651//2805 1676//2805 1675//2805
f 1651//2806 1677//2806 1676//2806
f 1651//2807 1678//2807 1677//2807
f 1651//2808 1679//2808 1678//2808
f 1651//2809 1680//2809 1679//2809
f 1651//2810 1681//2810 1680//2810
f 1651//2811 1682//2811 1681//2811
f 1651//2812 1683//2812 1682//2812
f 1651//2813 1684//2813 1683//2813
f 1651//2814 1056//2814 1055//2814
f 1651//2815 1055//2815 1684//2815
f 1684//2816 1055//2816 1685//2816
f 1685//2817 1055//2817 1686//2817
f 1686//2818 1055//2818 1687//2818
f 1687//2819 1055//2819 1688//2819
f 1688//2820 1055//2820 1614//2820
f 1003//2821 790//2821 1434//2821
f 1434//2822 790//2822 1404//2822
f 1434//2823 1404//2823 1433//2823
f 1433//2824 1404//2824 1432//2824
f 1432//2825 1404//2825 1431//2825
f 1431//2826 1404//2826 1430//2826
f 1430//2827 1404//2827 1429//2827
f 1429//2828 1404//2828 1428//2828
f 1428//2829 1404//2829 1427//2829
f 1427//2830 1404//2830 1426//2830
f 1426//2831 1404//2831 1425//2831
f 1425//2832 1404//2832 1405//2832
f 1425//2833 1405//2833 1406//2833
f 1425//2834 1406//2834 1407//2834
f 1425//2835 1407//2835 1408//2835
f 1425//2836 1408//2836 1409//2836
f 1425//2837 1409//2837 1410//2837
f 1425//2838 1410//2838 1411//2838
f 1425//2839 1411//2839 1412//2839
f 1425//2840 1412//2840 1413//2840
f 1425//2841 1413//2841 1414//2841
f 1425//2842 1414//2842 1424//2842
f 1424//2843 1414//2843 1423//2843
f 1423//2844 1414//2844 1422//2844
f 1422//2845 1414//2845 1421//2845
f 1421//2846 1414//2846 1420//2846
f 1420//2847 1414//2847 1419//2847
f 1419//2848 1414//2848 1418//2848
f 1418//2849 1414//2849 1417//2849
f 1417//2850 1414//2850 1416//2850
f 1416//2851 1414//2851 1415//2851
f 1115//2852 1117//2852 906//2852
f 1113//2853 1115//2853 906//2853
f 1111//2854 1113//2854 906//2854
f 1109//2855 1111//2855 906//2855
f 1107//2856 1109//2856 906//2856
f 1106//2857 1107//2857 906//2857
f 1104//2858 1106//2858 906//2858
f 1102//2859 1104//2859 906//2859
f 1099//2860 1102//2860 906//2860
f 1097//2861 1099//2861 906//2861
f 1095//2862 1097//2862 906//2862
f 1094//2863 1095//2863 906//2863
f 1091//2864 1094//2864 906//2864
f 1090//2865 1091//2865 906//2865
f 1085//2866 1087//2866 1090//2866
f 1085//2867 1090//2867 906//2867
f 1056//2868 1057//2868 1059//2868
f 1056//2869 1059//2869 1061//2869
f 1056//2870 1061//2870 1063//2870
f 1056//2871 1063//2871 1065//2871
f 1056//2872 1065//2872 1067//2872
f 1056//2873 1067//2873 1069//2873
f 1056//2874 1069//2874 1071//2874
f 1056//2875 1071//2875 1073//2875
f 1056//2876 1073//2876 1075//2876
f 1056//2877 1075//2877 1078//2877
f 1056//2878 1078//2878 1080//2878
f 1056//2879 1080//2879 1081//2879
f 1056//2880 1081//2880 1084//2880
f 1056//2881 1084//2881 1085//2881
f 1056//2882 1085//2882 906//2882
f 1651//2883 1335//2883 981//2883
f 1651//2884 981//2884 1056//2884
f 1615//2885 1299//2885 1335//2885
f 1615//2886 1335//2886 1651//2886
f 1299//2887 1615//2887 928//2887
f 928//2888 1615//2888 1003//2888
f 1565//2889 1567//2889 1248//2889
f 1248//2890 1567//2890 1251//2890
f 1251//2891 1569//2891 1252//2891
f 1252//2892 1569//2892 1254//2892
f 1567//2893 1569//2893 1251//2893
f 1569//2894 1570//2894 1254//2894
f 1254//2895 1573//2895 1256//2895
f 1256//2896 1573//2896 1258//2896
f 1570//2897 1573//2897 1254//2897
f 1258//2898 1575//2898 1260//2898
f 1573//2899 1575//2899 1258//2899
f 1575//2900 1577//2900 1260//2900
f 1260//2901 1579//2901 1262//2901
f 1577//2902 1579//2902 1260//2902
f 1262//2903 1581//2903 1264//2903
f 1264//2904 1581//2904 1266//2904
f 1579//2905 1581//2905 1262//2905
f 1581//2906 1582//2906 1266//2906
f 1266//2907 1585//2907 1268//2907
f 1582//2908 1585//2908 1266//2908
f 1585//2909 1586//2909 1268//2909
f 1268//2910 1586//2910 1270//2910
f 1586//2911 1589//2911 1270//2911
f 1270//2912 1589//2912 1272//2912
f 1589//2913 1591//2913 1272//2913
f 1272//2914 1591//2914 1274//2914
f 1591//2915 1593//2915 1274//2915
f 1274//2916 1593//2916 1277//2916
f 1593//2917 1595//2917 1277//2917
f 1277//2918 1595//2918 1279//2918
f 1595//2919 1597//2919 1279//2919
f 1279//2920 1597//2920 1281//2920
f 1597//2921 1599//2921 1281//2921
f 1281//2922 1599//2922 1283//2922
f 1599//2923 1601//2923 1283//2923
f 1283//2924 1601//2924 1285//2924
f 1601//2925 1603//2925 1285//2925
f 1285//2926 1603//2926 1287//2926
f 1603//2927 1604//2927 1287//2927
f 1287//2928 1604//2928 1288//2928
f 1604//2929 1606//2929 1288//2929
f 1288//2930 1606//2930 1290//2930
f 1606//2931 1609//2931 1290//2931
f 1290//2932 1609//2932 1293//2932
f 1293//2933 1609//2933 1294//2933
f 1609//2934 1611//2934 1294//2934
f 1294//2935 1613//2935 1297//2935
f 1297//2936 1613//2936 1195//2936
f 1611//2937 1613//2937 1294//2937
f 1613//2938 1511//2938 1195//2938
f 1195//2939 1510//2939 1194//2939
f 1511//2940 1510//2940 1195//2940
f 1194//2941 1509//2941 1193//2941
f 1193//2942 1509//2942 1192//2942
f 1510//2943 1509//2943 1194//2943
f 1509//2944 1508//2944 1192//2944
f 1192//2945 1507//2945 1191//2945
f 1508//2946 1507//2946 1192//2946
f 1191//2947 1506//2947 1190//2947
f 1190//2948 1506//2948 1189//2948
f 1507//2949 1506//2949 1191//2949
f 1506//2950 1505//2950 1189//2950
f 1189//2951 1504//2951 1188//2951
f 1188//2952 1504//2952 1187//2952
f 1505//2953 1504//2953 1189//2953
f 1504//2954 1503//2954 1187//2954
f 1187//2955 1502//2955 1186//2955
f 1186//2956 1502//2956 1185//2956
f 1503//2957 1502//2957 1187//2957
f 1502//2958 1501//2958 1185//2958
f 1501//2959 1500//2959 1185//2959
f 1185//2960 1500//2960 1184//2960
f 1500//2961 1499//2961 1184//2961
f 1184//2962 1499//2962 1183//2962
f 1499//2963 1498//2963 1183//2963
f 1183//2964 1498//2964 1182//2964
f 1498//2965 1497//2965 1182//2965
f 1182//2966 1497//2966 1181//2966
f 1497//2967 1496//2967 1181//2967
f 1181//2968 1496//2968 1180//2968
f 1496//2969 1495//2969 1180//2969
f 1180//2970 1495//2970 1179//2970
f 1495//2971 1494//2971 1179//2971
f 1179//2972 1494//2972 1178//2972
f 1178//2973 1494//2973 1177//2973
f 1494//2974 1493//2974 1177//2974
f 1493//2975 1492//2975 1177//2975
f 1177//2976 1492//2976 1176//2976
f 1176//2977 1492//2977 1175//2977
f 1492//2978 1491//2978 1175//2978
f 1175//2979 1491//2979 1174//2979
f 1491//2980 1490//2980 1174//2980
f 1174//2981 1490//2981 1173//2981
f 1490//2982 1489//2982 1173//2982
f 1489//2983 1488//2983 1173//2983
f 1173//2984 1488//2984 1172//2984
f 1488//2985 1487//2985 1172//2985
f 1172//2986 1487//2986 1171//2986
f 1487//2987 1486//2987 1171//2987
f 1171//2988 1486//2988 1170//2988
f 1486//2989 1485//2989 1170//2989
f 1170//2990 1485//2990 1169//2990
f 1485//2991 1484//2991 1169//2991
f 1169//2992 1484//2992 1168//2992
f 1484//2993 1483//2993 1168//2993
f 1168//2994 1483//2994 1167//2994
f 1483//2995 1482//2995 1167//2995
f 1167//2996 1482//2996 1166//2996
f 1482//2997 1481//2997 1166//2997
f 1166//2998 1481//2998 1165//2998
f 1481//2999 1480//2999 1165//2999
f 1165//3000 1480//3000 1164//3000
f 1164//3001 1480//3001 1162//3001
f 1162//3002 1478//3002 1160//3002
f 1480//3003 1478//3003 1162//3003
f 1478//3004 1476//3004 1160//3004
f 1160//3005 1474//3005 1158//3005
f 1158//3006 1474//3006 1156//3006
f 1476//3007 1474//3007 1160//3007
f 1156//3008 1472//3008 1154//3008
f 1474//3009 1472//3009 1156//3009
f 1472//3010 1470//3010 1154//3010
f 1470//3011 1468//3011 1154//3011
f 1154//3012 1468//3012 1152//3012
f 1468//3013 1466//3013 1152//3013
f 1152//3014 1466//3014 1150//3014
f 1466//3015 1464//3015 1150//3015
f 1150//3016 1464//3016 1148//3016
f 1464//3017 1462//3017 1148//3017
f 1148//3018 1462//3018 1146//3018
f 1462//3019 1460//3019 1146//3019
f 1146//3020 1460//3020 1144//3020
f 1460//3021 1458//3021 1144//3021
f 1144//3022 1458//3022 1142//3022
f 1458//3023 1456//3023 1142//3023
f 1142//3024 1456//3024 1140//3024
f 1456//3025 1454//3025 1140//3025
f 1140//3026 1454//3026 1138//3026
f 1454//3027 1452//3027 1138//3027
f 1138//3028 1452//3028 1136//3028
f 1452//3029 1450//3029 1136//3029
f 1136//3030 1450//3030 1134//3030
f 1450//3031 1448//3031 1134//3031
f 1134//3032 1448//3032 1132//3032
f 1448//3033 1446//3033 1132//3033
f 1132//3034 1446//3034 1130//3034
f 1446//3035 1444//3035 1130//3035
f 1130//3036 1444//3036 1128//3036
f 1128//3037 1442//3037 1126//3037
f 1444//3038 1442//3038 1128//3038
f 1126//3039 1440//3039 1124//3039
f 1442//3040 1440//3040 1126//3040
f 1124//3041 1438//3041 1122//3041
f 1440//3042 1438//3042 1124//3042
f 1122//3043 1435//3043 1119//3043
f 1438//3044 1435//3044 1122//3044
f 1119//3045 1436//3045 1120//3045
f 1435//3046 1436//3046 1119//3046
f 1120//3047 1437//3047 1121//3047
f 1436//3048 1437//3048 1120//3048
f 1121//3049 1439//3049 1123//3049
f 1123//3050 1439//3050 1125//3050
f 1437//3051 1439//3051 1121//3051
f 1439//3052 1441//3052 1125//3052
f 1125//3053 1443//3053 1127//3053
f 1441//3054 1443//3054 1125//3054
f 1127//3055 1445//3055 1129//3055
f 1129//3056 1445//3056 1131//3056
f 1443//3057 1445//3057 1127//3057
f 1131//3058 1447//3058 1133//3058
f 1445//3059 1447//3059 1131//3059
f 1447//3060 1449//3060 1133//3060
f 1133//3061 1451//3061 1135//3061
f 1449//3062 1451//3062 1133//3062
f 1451//3063 1453//3063 1135//3063
f 1135//3064 1453//3064 1137//3064
f 1453//3065 1455//3065 1137//3065
f 1137//3066 1455//3066 1139//3066
f 1455//3067 1457//3067 1139//3067
f 1139//3068 1457//3068 1141//3068
f 1457//3069 1459//3069 1141//3069
f 1141//3070 1459//3070 1143//3070
f 1143//3071 1461//3071 1145//3071
f 1145//3072 1461//3072 1147//3072
f 1459//3073 1461//3073 1143//3073
f 1147//3074 1463//3074 1149//3074
f 1461//3075 1463//3075 1147//3075
f 1463//3076 1465//3076 1149//3076
f 1149//3077 1467//3077 1151//3077
f 1465//3078 1467//3078 1149//3078
f 1151//3079 1469//3079 1153//3079
f 1467//3080 1469//3080 1151//3080
f 1153//3081 1471//3081 1155//3081
f 1469//3082 1471//3082 1153//3082
f 1155//3083 1473//3083 1157//3083
f 1157//3084 1473//3084 1159//3084
f 1471//3085 1473//3085 1155//3085
f 1473//3086 1475//3086 1159//3086
f 1159//3087 1477//3087 1161//3087
f 1475//3088 1477//3088 1159//3088
f 1161//3089 1479//3089 1163//3089
f 1477//3090 1479//3090 1161//3090
f 1163//3091 1542//3091 1226//3091
f 1479//3092 1542//3092 1163//3092
f 1226//3093 1541//3093 1224//3093
f 1542//3094 1541//3094 1226//3094
f 1224//3095 1537//3095 1221//3095
f 1541//3096 1537//3096 1224//3096
f 1221//3097 1530//3097 1214//3097
f 1537//3098 1530//3098 1221//3098
f 1214//3099 1526//3099 1210//3099
f 1530//3100 1526//3100 1214//3100
f 1210//3101 1522//3101 1206//3101
f 1206//3102 1522//3102 1204//3102
f 1526//3103 1522//3103 1210//3103
f 1522//3104 1521//3104 1204//3104
f 1204//3105 1514//3105 1198//3105
f 1198//3106 1514//3106 1196//3106
f 1521//3107 1514//3107 1204//3107
f 1514//3108 1513//3108 1196//3108
f 1196//3109 1516//3109 1200//3109
f 1513//3110 1516//3110 1196//3110
f 1516//3111 1519//3111 1200//3111
f 1200//3112 1519//3112 1203//3112
f 1519//3113 1524//3113 1203//3113
f 1203//3114 1524//3114 1207//3114
f 1524//3115 1528//3115 1207//3115
f 1207//3116 1528//3116 1211//3116
f 1528//3117 1532//3117 1211//3117
f 1211//3118 1532//3118 1215//3118
f 1532//3119 1535//3119 1215//3119
f 1215//3120 1535//3120 1218//3120
f 1535//3121 1539//3121 1218//3121
f 1218//3122 1539//3122 1223//3122
f 1539//3123 1544//3123 1223//3123
f 1223//3124 1544//3124 1228//3124
f 1544//3125 1547//3125 1228//3125
f 1228//3126 1547//3126 1231//3126
f 1547//3127 1550//3127 1231//3127
f 1231//3128 1550//3128 1233//3128
f 1550//3129 1553//3129 1233//3129
f 1233//3130 1553//3130 1236//3130
f 1553//3131 1556//3131 1236//3131
f 1236//3132 1556//3132 1240//3132
f 1556//3133 1559//3133 1240//3133
f 1240//3134 1559//3134 1243//3134
f 1243//3135 1561//3135 1245//3135
f 1559//3136 1561//3136 1243//3136
f 1561//3137 1563//3137 1245//3137
f 1245//3138 1563//3138 1247//3138
f 1247//3139 1565//3139 1248//3139
f 1563//3140 1565//3140 1247//3140
f 1650//3141 1652//3141 1334//3141
f 1334//3142 1652//3142 1336//3142
f 1336//3143 1653//3143 1337//3143
f 1337//3144 1653//3144 1338//3144
f 1652//3145 1653//3145 1336//3145
f 1653//3146 1654//3146 1338//3146
f 1338//3147 1655//3147 1339//3147
f 1339//3148 1655//3148 1340//3148
f 1654//3149 1655//3149 1338//3149
f 1340//3150 1656//3150 1341//3150
f 1655//3151 1656//3151 1340//3151
f 1656//3152 1657//3152 1341//3152
f 1341//3153 1658//3153 1342//3153
f 1657//3154 1658//3154 1341//3154
f 1342//3155 1659//3155 1343//3155
f 1343//3156 1659//3156 1344//3156
f 1658//3157 1659//3157 1342//3157
f 1659//3158 1660//3158 1344//3158
f 1344//3159 1661//3159 1345//3159
f 1660//3160 1661//3160 1344//3160
f 1661//3161 1662//3161 1345//3161
f 1345//3162 1662//3162 1346//3162
f 1662//3163 1663//3163 1346//3163
f 1346//3164 1663//3164 1347//3164
f 1663//3165 1664//3165 1347//3165
f 1347//3166 1664//3166 1348//3166
f 1664//3167 1665//3167 1348//3167
f 1348//3168 1665//3168 1349//3168
f 1665//3169 1666//3169 1349//3169
f 1349//3170 1666//3170 1350//3170
f 1666//3171 1667//3171 1350//3171
f 1350//3172 1667//3172 1351//3172
f 1667//3173 1668//3173 1351//3173
f 1351//3174 1668//3174 1352//3174
f 1668//3175 1669//3175 1352//3175
f 1352//3176 1669//3176 1353//3176
f 1669//3177 1670//3177 1353//3177
f 1353//3178 1670//3178 1354//3178
f 1670//3179 1671//3179 1354//3179
f 1354//3180 1671//3180 1355//3180
f 1671//3181 1672//3181 1355//3181
f 1355//3182 1672//3182 1356//3182
f 1672//3183 1673//3183 1356//3183
f 1356//3184 1673//3184 1357//3184
f 1357//3185 1673//3185 1358//3185
f 1673//3186 1674//3186 1358//3186
f 1358//3187 1675//3187 1359//3187
f 1359//3188 1675//3188 1360//3188
f 1674//3189 1675//3189 1358//3189
f 1675//3190 1676//3190 1360//3190
f 1360//3191 1677//3191 1361//3191
f 1676//3192 1677//3192 1360//3192
f 1361//3193 1678//3193 1362//3193
f 1362//3194 1678//3194 1363//3194
f 1677//3195 1678//3195 1361//3195
f 1678//3196 1679//3196 1363//3196
f 1363//3197 1680//3197 1364//3197
f 1679//3198 1680//3198 1363//3198
f 1364//3199 1681//3199 1365//3199
f 1365//3200 1681//3200 1366//3200
f 1680//3201 1681//3201 1364//3201
f 1681//3202 1682//3202 1366//3202
f 1366//3203 1683//3203 1367//3203
f 1367//3204 1683//3204 1368//3204
f 1682//3205 1683//3205 1366//3205
f 1683//3206 1684//3206 1368//3206
f 1368//3207 1685//3207 1369//3207
f 1369//3208 1685//3208 1370//3208
f 1684//3209 1685//3209 1368//3209
f 1685//3210 1686//3210 1370//3210
f 1686//3211 1687//3211 1370//3211
f 1370//3212 1687//3212 1371//3212
f 1687//3213 1688//3213 1371//3213
f 1371//3214 1688//3214 1372//3214
f 1688//3215 1614//3215 1372//3215
f 1372//3216 1614//3216 1298//3216
f 1614//3217 1612//3217 1298//3217
f 1298//3218 1612//3218 1296//3218
f 1612//3219 1610//3219 1296//3219
f 1296//3220 1610//3220 1295//3220
f 1610//3221 1608//3221 1295//3221
f 1295//3222 1608//3222 1292//3222
f 1608//3223 1607//3223 1292//3223
f 1292//3224 1607//3224 1291//3224
f 1291//3225 1607//3225 1289//3225
f 1607//3226 1605//3226 1289//3226
f 1605//3227 1602//3227 1289//3227
f 1289//3228 1602//3228 1286//3228
f 1286//3229 1602//3229 1284//3229
f 1602//3230 1600//3230 1284//3230
f 1284//3231 1600//3231 1282//3231
f 1600//3232 1598//3232 1282//3232
f 1282//3233 1598//3233 1280//3233
f 1598//3234 1596//3234 1280//3234
f 1596//3235 1594//3235 1280//3235
f 1280//3236 1594//3236 1278//3236
f 1594//3237 1592//3237 1278//3237
f 1278//3238 1592//3238 1276//3238
f 1592//3239 1590//3239 1276//3239
f 1276//3240 1590//3240 1275//3240
f 1590//3241 1588//3241 1275//3241
f 1275//3242 1588//3242 1273//3242
f 1588//3243 1587//3243 1273//3243
f 1273//3244 1587//3244 1271//3244
f 1587//3245 1584//3245 1271//3245
f 1271//3246 1584//3246 1269//3246
f 1584//3247 1583//3247 1269//3247
f 1269//3248 1583//3248 1267//3248
f 1583//3249 1580//3249 1267//3249
f 1267//3250 1580//3250 1265//3250
f 1580//3251 1578//3251 1265//3251
f 1265//3252 1578//3252 1263//3252
f 1263//3253 1578//3253 1261//3253
f 1261//3254 1576//3254 1259//3254
f 1578//3255 1576//3255 1261//3255
f 1576//3256 1574//3256 1259//3256
f 1259//3257 1572//3257 1257//3257
f 1257//3258 1572//3258 1255//3258
f 1574//3259 1572//3259 1259//3259
f 1255//3260 1571//3260 1253//3260
f 1572//3261 1571//3261 1255//3261
f 1571//3262 1568//3262 1253//3262
f 1568//3263 1566//3263 1253//3263
f 1253//3264 1566//3264 1250//3264
f 1566//3265 1564//3265 1250//3265
f 1250//3266 1564//3266 1249//3266
f 1564//3267 1562//3267 1249//3267
f 1249//3268 1562//3268 1246//3268
f 1562//3269 1560//3269 1246//3269
f 1246//3270 1560//3270 1244//3270
f 1560//3271 1558//3271 1244//3271
f 1244//3272 1558//3272 1242//3272
f 1558//3273 1555//3273 1242//3273
f 1242//3274 1555//3274 1239//3274
f 1555//3275 1552//3275 1239//3275
f 1239//3276 1552//3276 1237//3276
f 1552//3277 1549//3277 1237//3277
f 1237//3278 1549//3278 1234//3278
f 1549//3279 1546//3279 1234//3279
f 1234//3280 1546//3280 1230//3280
f 1546//3281 1543//3281 1230//3281
f 1230//3282 1543//3282 1227//3282
f 1543//3283 1538//3283 1227//3283
f 1227//3284 1538//3284 1222//3284
f 1538//3285 1534//3285 1222//3285
f 1222//3286 1534//3286 1219//3286
f 1534//3287 1531//3287 1219//3287
f 1219//3288 1531//3288 1216//3288
f 1216//3289 1527//3289 1212//3289
f 1531//3290 1527//3290 1216//3290
f 1212//3291 1523//3291 1208//3291
f 1527//3292 1523//3292 1212//3292
f 1208//3293 1518//3293 1202//3293
f 1523//3294 1518//3294 1208//3294
f 1202//3295 1515//3295 1199//3295
f 1518//3296 1515//3296 1202//3296
f 1199//3297 1512//3297 1197//3297
f 1515//3298 1512//3298 1199//3298
f 1197//3299 1517//3299 1201//3299
f 1512//3300 1517//3300 1197//3300
f 1201//3301 1520//3301 1205//3301
f 1205//3302 1520//3302 1209//3302
f 1517//3303 1520//3303 1201//3303
f 1520//3304 1525//3304 1209//3304
f 1209//3305 1529//3305 1213//3305
f 1525//3306 1529//3306 1209//3306
f 1213//3307 1533//3307 1217//3307
f 1217//3308 1533//3308 1220//3308
f 1529//3309 1533//3309 1213//3309
f 1220//3310 1536//3310 1225//3310
f 1533//3311 1536//3311 1220//3311
f 1536//3312 1540//3312 1225//3312
f 1225//3313 1545//3313 1229//3313
f 1540//3314 1545//3314 1225//3314
f 1545//3315 1548//3315 1229//3315
f 1229//3316 1548//3316 1232//3316
f 1548//3317 1551//3317 1232//3317
f 1232//3318 1551//3318 1235//3318
f 1551//3319 1554//3319 1235//3319
f 1235//3320 1554//3320 1238//3320
f 1554//3321 1557//3321 1238//3321
f 1238//3322 1557//3322 1241//3322
f 1241//3323 1616//3323 1300//3323
f 1300//3324 1616//3324 1301//3324
f 1557//3325 1616//3325 1241//3325
f 1301//3326 1617//3326 1302//3326
f 1616//3327 1617//3327 1301//3327
f 1617//3328 1618//3328 1302//3328
f 1302//3329 1619//3329 1303//3329
f 1618//3330 1619//3330 1302//3330
f 1303//3331 1620//3331 1304//3331
f 1619//3332 1620//3332 1303//3332
f 1304//3333 1621//3333 1305//3333
f 1620//3334 1621//3334 1304//3334
f 1305//3335 1622//3335 1306//3335
f 1306//3336 1622//3336 1307//3336
f 1621//3337 1622//3337 1305//3337
f 1622//3338 1623//3338 1307//3338
f 1307//3339 1624//3339 1308//3339
f 1623//3340 1624//3340 1307//3340
f 1308//3341 1625//3341 1309//3341
f 1624//3342 1625//3342 1308//3342
f 1309//3343 1626//3343 1310//3343
f 1625//3344 1626//3344 1309//3344
f 1310//3345 1627//3345 1311//3345
f 1626//3346 1627//3346 1310//3346
f 1311//3347 1628//3347 1312//3347
f 1627//3348 1628//3348 1311//3348
f 1312//3349 1629//3349 1313//3349
f 1628//3350 1629//3350 1312//3350
f 1313//3351 1630//3351 1314//3351
f 1629//3352 1630//3352 1313//3352
f 1314//3353 1631//3353 1315//3353
f 1315//3354 1631//3354 1316//3354
f 1630//3355 1631//3355 1314//3355
f 1631//3356 1632//3356 1316//3356
f 1316//3357 1633//3357 1317//3357
f 1317//3358 1633//3358 1318//3358
f 1632//3359 1633//3359 1316//3359
f 1633//3360 1634//3360 1318//3360
f 1318//3361 1635//3361 1319//3361
f 1634//3362 1635//3362 1318//3362
f 1635//3363 1636//3363 1319//3363
f 1319//3364 1636//3364 1320//3364
f 1636//3365 1637//3365 1320//3365
f 1320//3366 1637//3366 1321//3366
f 1637//3367 1638//3367 1321//3367
f 1321//3368 1638//3368 1322//3368
f 1638//3369 1639//3369 1322//3369
f 1322//3370 1639//3370 1323//3370
f 1639//3371 1640//3371 1323//3371
f 1323//3372 1640//3372 1324//3372
f 1640//3373 1641//3373 1324//3373
f 1324//3374 1641//3374 1325//3374
f 1641//3375 1642//3375 1325//3375
f 1325//3376 1642//3376 1326//3376
f 1642//3377 1643//3377 1326//3377
f 1326//3378 1643//3378 1327//3378
f 1643//3379 1644//3379 1327//3379
f 1327//3380 1644//3380 1328//3380
f 1644//3381 1645//3381 1328//3381
f 1328//3382 1645//3382 1329//3382
f 1645//3383 1646//3383 1329//3383
f 1329//3384 1646//3384 1330//3384
f 1646//3385 1647//3385 1330//3385
f 1330//3386 1647//3386 1331//3386
f 1331//3387 1648//3387 1332//3387
f 1647//3388 1648//3388 1331//3388
f 1648//3389 1649//3389 1332//3389
f 1332//3390 1649//3390 1333//3390
f 1333//3391 1650//3391 1334//3391
f 1649//3392 1650//3392 1333//3392
